{
"type": "FeatureCollection",
"name": "Lavall",
"features": [
{ "type": "Feature", "properties": { "CUSEC": "1212601001", "CUMUN": "12126", "CSEC": "001", "CDIS": "01", "CMUN": "126", "CPRO": "12", "CCA": "10", "CUDIS": "1212601", "CLAU2": "12126", "NPRO": "Castellón/Castelló", "NCA": "Comunitat Valenciana", "CNUT0": "ES", "CNUT1": "5", "CNUT2": "2", "CNUT3": "2", "NMUN": "Vall d'Uixó, la" }, "geometry": { "type": "MultiPolygon", "coordinates": [ [ [ [ -0.17191323896067, 39.814151754254731 ], [ -0.172719419831281, 39.814387701902909 ], [ -0.174109570397235, 39.81501721922244 ], [ -0.175717015773296, 39.815056401616793 ], [ -0.177770489396106, 39.815205692901721 ], [ -0.179572866115179, 39.815199933885019 ], [ -0.181626357545451, 39.815349157300382 ], [ -0.183545186856698, 39.815643975420016 ], [ -0.185184554648178, 39.816477956321073 ], [ -0.186787961807368, 39.816616162116112 ], [ -0.188521995882079, 39.816707879690213 ], [ -0.190897003103048, 39.816864746307367 ], [ -0.193217817035182, 39.816772078514376 ], [ -0.195217131878048, 39.816671583237913 ], [ -0.197116063099066, 39.81587374034077 ], [ -0.199862898509755, 39.814798548962152 ], [ -0.201319697533002, 39.813791411095281 ], [ -0.20226209020684, 39.812771837129389 ], [ -0.202507269790496, 39.811487253068719 ], [ -0.202808685785777, 39.810402564422446 ], [ -0.203586272483553, 39.808684112998684 ], [ -0.204315588650074, 39.808155726709458 ], [ -0.205625518297447, 39.807591701713264 ], [ -0.207248849466314, 39.807233753247601 ], [ -0.209583369539585, 39.806793638866637 ], [ -0.211632444457628, 39.806609627722708 ], [ -0.212448218077383, 39.806526141998205 ], [ -0.214646929035096, 39.806233987848991 ], [ -0.216338266172472, 39.806197953462821 ], [ -0.217756028138141, 39.806372561153736 ], [ -0.21844398604245, 39.806567974845429 ], [ -0.219167194668772, 39.807122026385848 ], [ -0.219872834951981, 39.807701208425065 ], [ -0.220298645909985, 39.808235340960316 ], [ -0.220913318267964, 39.809016791640765 ], [ -0.221624233265121, 39.809877217558679 ], [ -0.222870096620348, 39.811031586063109 ], [ -0.223215307723785, 39.811476772086266 ], [ -0.223304906050813, 39.811509431252659 ], [ -0.223809502075871, 39.811800444452466 ], [ -0.224264180935721, 39.811955345063737 ], [ -0.224645825150925, 39.812229870010576 ], [ -0.22498178385543, 39.812444874174012 ], [ -0.225381373877385, 39.812706341019314 ], [ -0.225667852377734, 39.813037102314738 ], [ -0.22567075935573, 39.813176555334493 ], [ -0.225937976711883, 39.814082620539423 ], [ -0.226120196989809, 39.814971746667325 ], [ -0.226513598200758, 39.815458910921052 ], [ -0.22708568958472, 39.815782284004065 ], [ -0.227623865400177, 39.815733116583978 ], [ -0.227776575873542, 39.815719149896744 ], [ -0.228593192443204, 39.815667932504176 ], [ -0.2290710209096, 39.815767818978465 ], [ -0.229072953989391, 39.815774508706603 ], [ -0.22972521140703, 39.815997502352822 ], [ -0.230251685482951, 39.816313608392072 ], [ -0.230430398859273, 39.816499210362579 ], [ -0.230455488160574, 39.816739535250655 ], [ -0.230540416399795, 39.81698124987328 ], [ -0.230555863511339, 39.817147085518073 ], [ -0.230746974146813, 39.81725994395736 ], [ -0.231085286209141, 39.817400696504912 ], [ -0.231338624085015, 39.817485597769597 ], [ -0.23143358077354, 39.817522415260299 ], [ -0.230563051502938, 39.818765551341336 ], [ -0.229703219072729, 39.818701894450427 ], [ -0.226869949032113, 39.818459142654731 ], [ -0.226747205257755, 39.81844857228068 ], [ -0.226605023022467, 39.81843788720662 ], [ -0.226604429629028, 39.818443577884729 ], [ -0.226172628661481, 39.818387396347774 ], [ -0.225883139020939, 39.818361403307549 ], [ -0.225297794059731, 39.818314028035218 ], [ -0.225248132840659, 39.818779988584026 ], [ -0.225187543944456, 39.819517397211257 ], [ -0.225173084345143, 39.819569486766696 ], [ -0.224959849781331, 39.819645418733302 ], [ -0.224835567130974, 39.819661511479822 ], [ -0.223907246228179, 39.819534416604654 ], [ -0.22353263566537, 39.819473011395168 ], [ -0.222849430853325, 39.819399446298306 ], [ -0.222023609995338, 39.819336759626644 ], [ -0.22106925302686, 39.819242386253492 ], [ -0.220171248370844, 39.819130288628273 ], [ -0.219593613891487, 39.819044935115826 ], [ -0.21727230493866, 39.81881763741103 ], [ -0.216139446919798, 39.818704638592472 ], [ -0.21549391187177, 39.818770172026014 ], [ -0.215107579942307, 39.818999234066823 ], [ -0.214883159031635, 39.819198816410669 ], [ -0.215010366829052, 39.819416379681165 ], [ -0.214909266573963, 39.81962369053484 ], [ -0.215423642674995, 39.820050759544586 ], [ -0.216034530196681, 39.820537345611946 ], [ -0.217719907730797, 39.821512101536605 ], [ -0.218122328324272, 39.821650462236548 ], [ -0.218332885713248, 39.821641213900357 ], [ -0.218790121879447, 39.821799955035111 ], [ -0.219311426304241, 39.821903029278324 ], [ -0.224485575599777, 39.822212920592314 ], [ -0.225808646788156, 39.82229619599908 ], [ -0.225780763696125, 39.822396998532881 ], [ -0.225780195536061, 39.822399214457597 ], [ -0.22577264680049, 39.82242146775166 ], [ -0.225766668505781, 39.822435643170998 ], [ -0.225763634914946, 39.822442078977339 ], [ -0.225750073928213, 39.822845766024535 ], [ -0.225745742537956, 39.822909440160835 ], [ -0.225743362866652, 39.822937682356091 ], [ -0.225741592531368, 39.822963817710175 ], [ -0.225740908849483, 39.823003446268011 ], [ -0.225738256413677, 39.823173906387126 ], [ -0.225727383832783, 39.823389567326402 ], [ -0.225721687866652, 39.823565545070295 ], [ -0.225717736379978, 39.823742298719225 ], [ -0.225737764044941, 39.823743922007239 ], [ -0.225738188172202, 39.823761975501583 ], [ -0.225739081522503, 39.823798006999851 ], [ -0.225747231573186, 39.8240319863026 ], [ -0.225920278457138, 39.824076769190576 ], [ -0.225975920116585, 39.824093654053101 ], [ -0.22603907275408, 39.82411285804146 ], [ -0.226245699085634, 39.824136491905541 ], [ -0.22669270567629, 39.824202262503334 ], [ -0.226688699613816, 39.824229267726132 ], [ -0.226666957112995, 39.824369012790299 ], [ -0.226667149668849, 39.824370179449268 ], [ -0.226236843106707, 39.824356651158915 ], [ -0.226004831757374, 39.824402514988158 ], [ -0.225796957069729, 39.824456352516961 ], [ -0.225794340533577, 39.824457213242233 ], [ -0.225689275258256, 39.824490005666291 ], [ -0.225542262440355, 39.824526058608825 ], [ -0.225452480421358, 39.824559662464821 ], [ -0.225313414423126, 39.824593324458796 ], [ -0.225198048980975, 39.824600321876666 ], [ -0.225084837888305, 39.824612163985087 ], [ -0.225043887731516, 39.824619060562725 ], [ -0.224907604237057, 39.824641609541715 ], [ -0.224728032624974, 39.824665166977034 ], [ -0.224613871289821, 39.824682615073165 ], [ -0.224559941097534, 39.824690970848508 ], [ -0.224274086800626, 39.824725299909289 ], [ -0.224142539266669, 39.824731337718191 ], [ -0.224141007392071, 39.824731373105259 ], [ -0.224041593060134, 39.824734490429776 ], [ -0.223972172391343, 39.824737772764024 ], [ -0.223856758626164, 39.824740043805981 ], [ -0.224060174542535, 39.824810058870945 ], [ -0.224057570347656, 39.824813107032483 ], [ -0.224208248625611, 39.824878087359181 ], [ -0.224054653706803, 39.825077823852851 ], [ -0.223881685808196, 39.825023014881054 ], [ -0.223772964909297, 39.824988588327187 ], [ -0.223344672132921, 39.824961796027672 ], [ -0.222753374541601, 39.824450966357119 ], [ -0.222914420695561, 39.823916863383317 ], [ -0.222749845575612, 39.82373909337781 ], [ -0.222381416936805, 39.823802728611788 ], [ -0.221850691177554, 39.823790005749778 ], [ -0.22142733214095, 39.82365769053871 ], [ -0.220753136918754, 39.823275016540208 ], [ -0.220346638017112, 39.82318623353806 ], [ -0.219940770692619, 39.823083091754228 ], [ -0.219756890700395, 39.823021176033699 ], [ -0.219708137180415, 39.822975934479089 ], [ -0.219122173584394, 39.822714825002073 ], [ -0.218407506237946, 39.822683542210484 ], [ -0.217474839431011, 39.822826593362528 ], [ -0.216839579743285, 39.82301515975751 ], [ -0.216174023278682, 39.823379383683211 ], [ -0.21428111950325, 39.823918231884335 ], [ -0.213760914180996, 39.82371631587592 ], [ -0.210377057814495, 39.824416990560415 ], [ -0.207742212547494, 39.824271342259898 ], [ -0.205907491341209, 39.824073676926204 ], [ -0.204785234463093, 39.824260539424102 ], [ -0.20394469644552, 39.825044955059475 ], [ -0.203596749593819, 39.825237867439021 ], [ -0.20293661922648, 39.825162881732339 ], [ -0.201763237773582, 39.825456775922675 ], [ -0.200625677542565, 39.825883172278871 ], [ -0.200227667792985, 39.826305490539497 ], [ -0.199963844796073, 39.827044494958002 ], [ -0.199835058262032, 39.827484298324954 ], [ -0.199470417510201, 39.827803520078973 ], [ -0.198589124152541, 39.827979741168427 ], [ -0.197306988029765, 39.828052824353065 ], [ -0.195928234816889, 39.828045887545699 ], [ -0.195027601058887, 39.827967855037066 ], [ -0.193816868507903, 39.82801596851499 ], [ -0.192978721478553, 39.828288574334586 ], [ -0.192166155502199, 39.828358214839433 ], [ -0.191680045738362, 39.828333945030522 ], [ -0.190673494294197, 39.828560500942181 ], [ -0.189661613851048, 39.828773321101117 ], [ -0.188761620932721, 39.829125512956011 ], [ -0.187921289237186, 39.829302930236821 ], [ -0.186998275813425, 39.829346419608918 ], [ -0.186505773855954, 39.829335515677364 ], [ -0.184495656562801, 39.829711667662295 ], [ -0.182566071209841, 39.830275989415107 ], [ -0.180466717127017, 39.830681030387524 ], [ -0.17911316979395, 39.830923748653888 ], [ -0.178086341438801, 39.831068050535755 ], [ -0.177347309968583, 39.831352771600912 ], [ -0.176650210687487, 39.831765586145231 ], [ -0.176108988026394, 39.832242219801529 ], [ -0.175612692777485, 39.832620586303747 ], [ -0.17480395370425, 39.833222419837888 ], [ -0.172396996596262, 39.831943625520005 ], [ -0.174324810663425, 39.816839084312598 ], [ -0.171894153986546, 39.816293384098977 ], [ -0.171284873641046, 39.81605329609593 ], [ -0.17135172837342, 39.815847769008627 ], [ -0.171504481105618, 39.815256938115191 ], [ -0.17191323896067, 39.814151754254731 ] ] ] ] } },
{ "type": "Feature", "properties": { "CUSEC": "1212601003", "CUMUN": "12126", "CSEC": "003", "CDIS": "01", "CMUN": "126", "CPRO": "12", "CCA": "10", "CUDIS": "1212601", "CLAU2": "12126", "NPRO": "Castellón/Castelló", "NCA": "Comunitat Valenciana", "CNUT0": "ES", "CNUT1": "5", "CNUT2": "2", "CNUT3": "2", "NMUN": "Vall d'Uixó, la" }, "geometry": { "type": "MultiPolygon", "coordinates": [ [ [ [ -0.226667149668849, 39.824370179449268 ], [ -0.226666957112995, 39.824369012790299 ], [ -0.226688699613816, 39.824229267726132 ], [ -0.22669270567629, 39.824202262503334 ], [ -0.226245699085634, 39.824136491905541 ], [ -0.22603907275408, 39.82411285804146 ], [ -0.225975920116585, 39.824093654053101 ], [ -0.225920278457138, 39.824076769190576 ], [ -0.225747231573186, 39.8240319863026 ], [ -0.225739081522503, 39.823798006999851 ], [ -0.225738188172202, 39.823761975501583 ], [ -0.225737764044941, 39.823743922007239 ], [ -0.225717736379978, 39.823742298719225 ], [ -0.225721687866652, 39.823565545070295 ], [ -0.225727383832783, 39.823389567326402 ], [ -0.225738256413677, 39.823173906387126 ], [ -0.225740908849483, 39.823003446268011 ], [ -0.225741592531368, 39.822963817710175 ], [ -0.225743362866652, 39.822937682356091 ], [ -0.225745742537956, 39.822909440160835 ], [ -0.225750073928213, 39.822845766024535 ], [ -0.225763634914946, 39.822442078977339 ], [ -0.225766668505781, 39.822435643170998 ], [ -0.22577264680049, 39.82242146775166 ], [ -0.225780195536061, 39.822399214457597 ], [ -0.225780763696125, 39.822396998532881 ], [ -0.225808646788156, 39.82229619599908 ], [ -0.225811891104981, 39.822284465731833 ], [ -0.226214742499711, 39.822315939561079 ], [ -0.229566721612238, 39.822577770373542 ], [ -0.229566561509321, 39.822579428554519 ], [ -0.229563107246032, 39.822624855270632 ], [ -0.229513614226927, 39.823054063851799 ], [ -0.22950251238495, 39.823158847285804 ], [ -0.229497878099167, 39.823195670022741 ], [ -0.229496478474241, 39.823236335470945 ], [ -0.229494665148406, 39.823252966253712 ], [ -0.229491248011359, 39.823285520279811 ], [ -0.229467292502292, 39.823488789097958 ], [ -0.229455556396546, 39.823603389775649 ], [ -0.229455398944382, 39.823685959363104 ], [ -0.229437803701868, 39.824077501271702 ], [ -0.229429391213826, 39.824211864202674 ], [ -0.229406669393383, 39.824491412069307 ], [ -0.22937961251609, 39.824496777514987 ], [ -0.229366390024543, 39.824497182175683 ], [ -0.229364414247811, 39.824528460850125 ], [ -0.22936436613544, 39.824529657786201 ], [ -0.229338619317618, 39.824714250338992 ], [ -0.229320540804867, 39.82484144595815 ], [ -0.229320389731562, 39.824842879149863 ], [ -0.229339215587919, 39.825048444952209 ], [ -0.229340862993442, 39.825065734956318 ], [ -0.229341259453292, 39.825070113390524 ], [ -0.229339964487756, 39.825070213061196 ], [ -0.229292963668433, 39.825074034384848 ], [ -0.228803344605252, 39.825074202959328 ], [ -0.228780532624829, 39.825072662277783 ], [ -0.228753861356124, 39.825070754592176 ], [ -0.227841735778406, 39.82496436763843 ], [ -0.22783906908096, 39.824964006604581 ], [ -0.227712755002971, 39.824938680176217 ], [ -0.227691826745935, 39.824927167249506 ], [ -0.227664538105026, 39.824912029577547 ], [ -0.227359507255269, 39.824879404947431 ], [ -0.227204221717818, 39.824877125202711 ], [ -0.226995404575853, 39.824881776695058 ], [ -0.226780622735327, 39.824888446189171 ], [ -0.226741124846928, 39.82488886520639 ], [ -0.226736687412631, 39.82486006806802 ], [ -0.226695318920797, 39.82461684905153 ], [ -0.226691246442978, 39.824593064674204 ], [ -0.226667149668849, 39.824370179449268 ] ] ] ] } },
{ "type": "Feature", "properties": { "CUSEC": "1212601004", "CUMUN": "12126", "CSEC": "004", "CDIS": "01", "CMUN": "126", "CPRO": "12", "CCA": "10", "CUDIS": "1212601", "CLAU2": "12126", "NPRO": "Castellón/Castelló", "NCA": "Comunitat Valenciana", "CNUT0": "ES", "CNUT1": "5", "CNUT2": "2", "CNUT3": "2", "NMUN": "Vall d'Uixó, la" }, "geometry": { "type": "MultiPolygon", "coordinates": [ [ [ [ -0.224054653706803, 39.825077823852851 ], [ -0.224208248625611, 39.824878087359181 ], [ -0.224057570347656, 39.824813107032483 ], [ -0.224060174542535, 39.824810058870945 ], [ -0.223856758626164, 39.824740043805981 ], [ -0.223972172391343, 39.824737772764024 ], [ -0.224041593060134, 39.824734490429776 ], [ -0.224141007392071, 39.824731373105259 ], [ -0.224142539266669, 39.824731337718191 ], [ -0.224274086800626, 39.824725299909289 ], [ -0.224559941097534, 39.824690970848508 ], [ -0.224613871289821, 39.824682615073165 ], [ -0.224728032624974, 39.824665166977034 ], [ -0.224907604237057, 39.824641609541715 ], [ -0.225043887731516, 39.824619060562725 ], [ -0.225084837888305, 39.824612163985087 ], [ -0.225198048980975, 39.824600321876666 ], [ -0.225313414423126, 39.824593324458796 ], [ -0.225452480421358, 39.824559662464821 ], [ -0.225542262440355, 39.824526058608825 ], [ -0.225689275258256, 39.824490005666291 ], [ -0.225794340533577, 39.824457213242233 ], [ -0.225796957069729, 39.824456352516961 ], [ -0.226004831757374, 39.824402514988158 ], [ -0.226236843106707, 39.824356651158915 ], [ -0.226667149668849, 39.824370179449268 ], [ -0.226691246442978, 39.824593064674204 ], [ -0.226695318920797, 39.82461684905153 ], [ -0.226736687412631, 39.82486006806802 ], [ -0.226741124846928, 39.82488886520639 ], [ -0.226780622735327, 39.824888446189171 ], [ -0.226995404575853, 39.824881776695058 ], [ -0.227204221717818, 39.824877125202711 ], [ -0.227359507255269, 39.824879404947431 ], [ -0.227664538105026, 39.824912029577547 ], [ -0.227691826745935, 39.824927167249506 ], [ -0.227712755002971, 39.824938680176217 ], [ -0.22783906908096, 39.824964006604581 ], [ -0.227841735778406, 39.82496436763843 ], [ -0.228753861356124, 39.825070754592176 ], [ -0.228780532624829, 39.825072662277783 ], [ -0.228803344605252, 39.825074202959328 ], [ -0.229292963668433, 39.825074034384848 ], [ -0.229339964487756, 39.825070213061196 ], [ -0.229341259453292, 39.825070113390524 ], [ -0.229342909801315, 39.825087475530189 ], [ -0.229366036804513, 39.82530258917317 ], [ -0.229395751385029, 39.8255193150558 ], [ -0.229453696435095, 39.82623514712801 ], [ -0.229506711032829, 39.826808063009402 ], [ -0.229576287275815, 39.827559669535091 ], [ -0.229577817037332, 39.827573929977881 ], [ -0.229592965716462, 39.82763275494716 ], [ -0.229612845884368, 39.827684756696463 ], [ -0.229629424388261, 39.827728212774041 ], [ -0.22984480519305, 39.828191700930638 ], [ -0.229863378857746, 39.828233195828297 ], [ -0.229882263040283, 39.828275395374206 ], [ -0.230152035692318, 39.828882297145789 ], [ -0.22981685188411, 39.82891123540719 ], [ -0.229520854094641, 39.828790272923122 ], [ -0.229513271074707, 39.828787231617248 ], [ -0.229508416191478, 39.828786543579291 ], [ -0.229272553495259, 39.82875653611864 ], [ -0.22896297112309, 39.828686702159111 ], [ -0.228444842002745, 39.828548988732841 ], [ -0.228288063764496, 39.828501549203224 ], [ -0.22773276632771, 39.827976700300844 ], [ -0.227205339454565, 39.827899122720829 ], [ -0.227197407480814, 39.827917827619032 ], [ -0.226749673191825, 39.827840934279621 ], [ -0.226785061719339, 39.827494115491902 ], [ -0.226201966962533, 39.826511787173075 ], [ -0.225726002802345, 39.826069982308766 ], [ -0.224812382970772, 39.825832882238785 ], [ -0.224495976243223, 39.825692879751841 ], [ -0.22447544878342, 39.825402708521857 ], [ -0.224281689607364, 39.82514976612913 ], [ -0.224054653706803, 39.825077823852851 ] ] ] ] } },
{ "type": "Feature", "properties": { "CUSEC": "1212601005", "CUMUN": "12126", "CSEC": "005", "CDIS": "01", "CMUN": "126", "CPRO": "12", "CCA": "10", "CUDIS": "1212601", "CLAU2": "12126", "NPRO": "Castellón/Castelló", "NCA": "Comunitat Valenciana", "CNUT0": "ES", "CNUT1": "5", "CNUT2": "2", "CNUT3": "2", "NMUN": "Vall d'Uixó, la" }, "geometry": { "type": "MultiPolygon", "coordinates": [ [ [ [ -0.17480395370425, 39.833222419837888 ], [ -0.175612692777485, 39.832620586303747 ], [ -0.176108988026394, 39.832242219801529 ], [ -0.176650210687487, 39.831765586145231 ], [ -0.177347309968583, 39.831352771600912 ], [ -0.178086341438801, 39.831068050535755 ], [ -0.17911316979395, 39.830923748653888 ], [ -0.180466717127017, 39.830681030387524 ], [ -0.182566071209841, 39.830275989415107 ], [ -0.184495656562801, 39.829711667662295 ], [ -0.186505773855954, 39.829335515677364 ], [ -0.186998275813425, 39.829346419608918 ], [ -0.187921289237186, 39.829302930236821 ], [ -0.188761620932721, 39.829125512956011 ], [ -0.189661613851048, 39.828773321101117 ], [ -0.190673494294197, 39.828560500942181 ], [ -0.191680045738362, 39.828333945030522 ], [ -0.192166155502199, 39.828358214839433 ], [ -0.192978721478553, 39.828288574334586 ], [ -0.193816868507903, 39.82801596851499 ], [ -0.195027601058887, 39.827967855037066 ], [ -0.195928234816889, 39.828045887545699 ], [ -0.197306988029765, 39.828052824353065 ], [ -0.198589124152541, 39.827979741168427 ], [ -0.199470417510201, 39.827803520078973 ], [ -0.199835058262032, 39.827484298324954 ], [ -0.199963844796073, 39.827044494958002 ], [ -0.200227667792985, 39.826305490539497 ], [ -0.200625677542565, 39.825883172278871 ], [ -0.201763237773582, 39.825456775922675 ], [ -0.20293661922648, 39.825162881732339 ], [ -0.203596749593819, 39.825237867439021 ], [ -0.20394469644552, 39.825044955059475 ], [ -0.204785234463093, 39.824260539424102 ], [ -0.205907491341209, 39.824073676926204 ], [ -0.207742212547494, 39.824271342259898 ], [ -0.210377057814495, 39.824416990560415 ], [ -0.213760914180996, 39.82371631587592 ], [ -0.21428111950325, 39.823918231884335 ], [ -0.216174023278682, 39.823379383683211 ], [ -0.216839579743285, 39.82301515975751 ], [ -0.217474839431011, 39.822826593362528 ], [ -0.218407506237946, 39.822683542210484 ], [ -0.219122173584394, 39.822714825002073 ], [ -0.219708137180415, 39.822975934479089 ], [ -0.219756890700395, 39.823021176033699 ], [ -0.219940770692619, 39.823083091754228 ], [ -0.220346638017112, 39.82318623353806 ], [ -0.220753136918754, 39.823275016540208 ], [ -0.22142733214095, 39.82365769053871 ], [ -0.221850691177554, 39.823790005749778 ], [ -0.222381416936805, 39.823802728611788 ], [ -0.222749845575612, 39.82373909337781 ], [ -0.222914420695561, 39.823916863383317 ], [ -0.222753374541601, 39.824450966357119 ], [ -0.223344672132921, 39.824961796027672 ], [ -0.223772964909297, 39.824988588327187 ], [ -0.223881685808196, 39.825023014881054 ], [ -0.224054653706803, 39.825077823852851 ], [ -0.224281689607364, 39.82514976612913 ], [ -0.22447544878342, 39.825402708521857 ], [ -0.224495976243223, 39.825692879751841 ], [ -0.224812382970772, 39.825832882238785 ], [ -0.225726002802345, 39.826069982308766 ], [ -0.226201966962533, 39.826511787173075 ], [ -0.226785061719339, 39.827494115491902 ], [ -0.226749673191825, 39.827840934279621 ], [ -0.227197407480814, 39.827917827619032 ], [ -0.227205339454565, 39.827899122720829 ], [ -0.22773276632771, 39.827976700300844 ], [ -0.228288063764496, 39.828501549203224 ], [ -0.227991284391224, 39.828451282703746 ], [ -0.227966949765914, 39.82848161594174 ], [ -0.228042041766684, 39.828727767618631 ], [ -0.228323521759097, 39.829032486488501 ], [ -0.228612657043148, 39.829146698502619 ], [ -0.228806429617983, 39.829133438541334 ], [ -0.228964765596681, 39.829232549380478 ], [ -0.228958908571094, 39.829378272183348 ], [ -0.228957346419717, 39.829417151888627 ], [ -0.228931719994792, 39.82944256572204 ], [ -0.228822403587029, 39.829701065878773 ], [ -0.228724453728231, 39.82990621386962 ], [ -0.228897339778156, 39.830068436955443 ], [ -0.229236659495634, 39.830234641298659 ], [ -0.229451128637262, 39.830318813526048 ], [ -0.229690015154051, 39.830433211090899 ], [ -0.230006509891457, 39.830529703134964 ], [ -0.230088592460605, 39.83071939616589 ], [ -0.229982314561931, 39.831131838336013 ], [ -0.229766760982028, 39.831393459798655 ], [ -0.22982414129875, 39.831878978808653 ], [ -0.229924687751377, 39.832246964761893 ], [ -0.230028003237736, 39.83254585756864 ], [ -0.230192157656759, 39.832925249541653 ], [ -0.230184615172906, 39.833112802896565 ], [ -0.230432340731267, 39.83332622064372 ], [ -0.23081931362446, 39.833582489234288 ], [ -0.231101086530209, 39.833905406761083 ], [ -0.231112007803591, 39.834271255491053 ], [ -0.23108610713202, 39.834596701444866 ], [ -0.23113861403731, 39.834884497744326 ], [ -0.231462375655129, 39.835119492377686 ], [ -0.23159488029092, 39.835330154168972 ], [ -0.231651754820789, 39.835509366650086 ], [ -0.231483428411009, 39.835870932003935 ], [ -0.231343485175724, 39.836164009449845 ], [ -0.231056171494713, 39.836290317457042 ], [ -0.230753823575125, 39.836485861683713 ], [ -0.230371399759332, 39.836753380467755 ], [ -0.230335866046503, 39.836999549429606 ], [ -0.229942617233643, 39.837217403805028 ], [ -0.229639391677542, 39.837427529861678 ], [ -0.229653482476775, 39.837714407719616 ], [ -0.229916407288004, 39.83786890629284 ], [ -0.230072535315025, 39.838129538539071 ], [ -0.230058239436848, 39.838484902628977 ], [ -0.229665380299794, 39.838692885095341 ], [ -0.229237282778298, 39.838820976562666 ], [ -0.228645510670274, 39.838875986398961 ], [ -0.228432300617954, 39.83907838091995 ], [ -0.228330748542462, 39.83937237225927 ], [ -0.228323596360994, 39.839550055371156 ], [ -0.228590986140154, 39.839912158231691 ], [ -0.228819568627384, 39.840283213829323 ], [ -0.229024928307675, 39.840594428575287 ], [ -0.229055885201042, 39.841099085956266 ], [ -0.229067190475037, 39.84145506167345 ], [ -0.229172103073946, 39.841714470832493 ], [ -0.229328633154588, 39.841965232589054 ], [ -0.22949637975999, 39.842255785438844 ], [ -0.229835847934015, 39.842738179589297 ], [ -0.230182471364686, 39.843042890550969 ], [ -0.230326995707241, 39.843273602953971 ], [ -0.230419905562126, 39.843512962154534 ], [ -0.230539219737004, 39.843733190942181 ], [ -0.230906993315754, 39.843830910597696 ], [ -0.23111276909198, 39.844132251508945 ], [ -0.230943224533783, 39.844523427609673 ], [ -0.230600855527021, 39.84506856306345 ], [ -0.230553403469119, 39.845610868036452 ], [ -0.230684829223756, 39.846167332005997 ], [ -0.230879789301021, 39.846419011569026 ], [ -0.231100760977246, 39.846661432010237 ], [ -0.231300887321569, 39.846784784504813 ], [ -0.231579832832793, 39.846860617530062 ], [ -0.23156554026915, 39.847215982437277 ], [ -0.231347942693933, 39.847526963951069 ], [ -0.231075050224324, 39.847619247907943 ], [ -0.230804936586943, 39.847642432206136 ], [ -0.230581281128214, 39.847785295440751 ], [ -0.230611754855833, 39.847983638620981 ], [ -0.230670321154516, 39.848439551515384 ], [ -0.23065602310228, 39.848794916052157 ], [ -0.230567668914248, 39.849079344107103 ], [ -0.230279674900502, 39.849546731611142 ], [ -0.230142872904616, 39.849760835397788 ], [ -0.229880485252616, 39.850228834575262 ], [ -0.229742978392614, 39.850778864935357 ], [ -0.229867161443145, 39.851196825699226 ], [ -0.22971278048743, 39.851529077428438 ], [ -0.229460317413415, 39.851750293440091 ], [ -0.229435589092703, 39.852046123982319 ], [ -0.229326072910517, 39.852537538351008 ], [ -0.229493445438619, 39.852837964946318 ], [ -0.229472292375857, 39.853044953541229 ], [ -0.229582189222786, 39.853380608971271 ], [ -0.22924368834799, 39.853689985308066 ], [ -0.228347816201368, 39.854369977060784 ], [ -0.22797797782217, 39.854630922903205 ], [ -0.227589099392115, 39.854954360908053 ], [ -0.227324084057728, 39.855258305921396 ], [ -0.226975084617152, 39.855641143093507 ], [ -0.226566950943868, 39.856040546275061 ], [ -0.226125955703583, 39.856331273968649 ], [ -0.225665661571385, 39.856697914269702 ], [ -0.225409705962156, 39.857123484757423 ], [ -0.225289248179279, 39.857808708100663 ], [ -0.225205238374481, 39.858436337481344 ], [ -0.225300203011297, 39.858937824507287 ], [ -0.225521891904912, 39.859559329670141 ], [ -0.225735103596673, 39.860302031186549 ], [ -0.225681834491301, 39.861149270283235 ], [ -0.223066640299116, 39.862418922014811 ], [ -0.221681769081329, 39.862268580583319 ], [ -0.218836032833836, 39.861821926577299 ], [ -0.217854733985043, 39.86151909096359 ], [ -0.215992852679076, 39.860735660215624 ], [ -0.215729925393, 39.857990831424942 ], [ -0.215205824047065, 39.856500880801455 ], [ -0.214606255074146, 39.856009024074908 ], [ -0.213534555883005, 39.855343638914086 ], [ -0.21263985118329, 39.85521402989071 ], [ -0.210858517379273, 39.855045022390669 ], [ -0.209452616515513, 39.85541650544878 ], [ -0.207805545237373, 39.8551065824891 ], [ -0.206967788127117, 39.855014317708928 ], [ -0.206292423193045, 39.854088209773295 ], [ -0.205643369011024, 39.853378916691909 ], [ -0.205064721957443, 39.852950536332045 ], [ -0.202728940864481, 39.851759120236444 ], [ -0.201929622172931, 39.851298442183634 ], [ -0.198206650266673, 39.848875285535073 ], [ -0.195676003039945, 39.847309699758213 ], [ -0.192980319850448, 39.845496799724572 ], [ -0.192081540102242, 39.844898495996709 ], [ -0.190501493974344, 39.843527033178297 ], [ -0.187519750436796, 39.841571945154463 ], [ -0.186248384735977, 39.840658287900638 ], [ -0.183250520174303, 39.838531603562608 ], [ -0.180502474794595, 39.836870317106403 ], [ -0.179991526803483, 39.836506586932643 ], [ -0.179543806907804, 39.836027303175463 ], [ -0.178092832185099, 39.834938012627944 ], [ -0.176097933042394, 39.834006600107152 ], [ -0.175187031666693, 39.833425926992213 ], [ -0.17480395370425, 39.833222419837888 ] ] ] ] } },
{ "type": "Feature", "properties": { "CUSEC": "1212601007", "CUMUN": "12126", "CSEC": "007", "CDIS": "01", "CMUN": "126", "CPRO": "12", "CCA": "10", "CUDIS": "1212601", "CLAU2": "12126", "NPRO": "Castellón/Castelló", "NCA": "Comunitat Valenciana", "CNUT0": "ES", "CNUT1": "5", "CNUT2": "2", "CNUT3": "2", "NMUN": "Vall d'Uixó, la" }, "geometry": { "type": "MultiPolygon", "coordinates": [ [ [ [ -0.225808646788156, 39.82229619599908 ], [ -0.224485575599777, 39.822212920592314 ], [ -0.219311426304241, 39.821903029278324 ], [ -0.218790121879447, 39.821799955035111 ], [ -0.218332885713248, 39.821641213900357 ], [ -0.218122328324272, 39.821650462236548 ], [ -0.217719907730797, 39.821512101536605 ], [ -0.216034530196681, 39.820537345611946 ], [ -0.215423642674995, 39.820050759544586 ], [ -0.214909266573963, 39.81962369053484 ], [ -0.215010366829052, 39.819416379681165 ], [ -0.214883159031635, 39.819198816410669 ], [ -0.215107579942307, 39.818999234066823 ], [ -0.21549391187177, 39.818770172026014 ], [ -0.216139446919798, 39.818704638592472 ], [ -0.21727230493866, 39.81881763741103 ], [ -0.219593613891487, 39.819044935115826 ], [ -0.220171248370844, 39.819130288628273 ], [ -0.22106925302686, 39.819242386253492 ], [ -0.222023609995338, 39.819336759626644 ], [ -0.222849430853325, 39.819399446298306 ], [ -0.22353263566537, 39.819473011395168 ], [ -0.223907246228179, 39.819534416604654 ], [ -0.224835567130974, 39.819661511479822 ], [ -0.224959849781331, 39.819645418733302 ], [ -0.225173084345143, 39.819569486766696 ], [ -0.225187543944456, 39.819517397211257 ], [ -0.225248132840659, 39.818779988584026 ], [ -0.225297794059731, 39.818314028035218 ], [ -0.225883139020939, 39.818361403307549 ], [ -0.226172628661481, 39.818387396347774 ], [ -0.226604429629028, 39.818443577884729 ], [ -0.226440919046611, 39.820010319557042 ], [ -0.226214742499711, 39.822315939561079 ], [ -0.225811891104981, 39.822284465731833 ], [ -0.225808646788156, 39.82229619599908 ] ] ] ] } },
{ "type": "Feature", "properties": { "CUSEC": "1212602001", "CUMUN": "12126", "CSEC": "001", "CDIS": "02", "CMUN": "126", "CPRO": "12", "CCA": "10", "CUDIS": "1212602", "CLAU2": "12126", "NPRO": "Castellón/Castelló", "NCA": "Comunitat Valenciana", "CNUT0": "ES", "CNUT1": "5", "CNUT2": "2", "CNUT3": "2", "NMUN": "Vall d'Uixó, la" }, "geometry": { "type": "MultiPolygon", "coordinates": [ [ [ [ -0.229566721612238, 39.822577770373542 ], [ -0.229604842069429, 39.822181556242256 ], [ -0.229638964095104, 39.822056384276209 ], [ -0.229643879243516, 39.821998295449454 ], [ -0.229736005436369, 39.821999132967413 ], [ -0.230353357315123, 39.82203252419842 ], [ -0.23042506125767, 39.822036598171771 ], [ -0.23139160945965, 39.822091575291019 ], [ -0.231525524437954, 39.822099201560569 ], [ -0.231977871936856, 39.822124696478724 ], [ -0.23216716984538, 39.822135230613789 ], [ -0.232398602805547, 39.822152396782961 ], [ -0.232844196267587, 39.822178095525409 ], [ -0.232817020228196, 39.82232230730326 ], [ -0.23279870841342, 39.82242086553827 ], [ -0.232778962319648, 39.822533761171492 ], [ -0.232771081267856, 39.822578753547305 ], [ -0.232752715690541, 39.822710978527233 ], [ -0.232747420701765, 39.822740295350663 ], [ -0.232695935821458, 39.823022863484709 ], [ -0.232658029211541, 39.823129200951186 ], [ -0.232619169530398, 39.823383325315554 ], [ -0.232616013291711, 39.823404761487026 ], [ -0.232584211481845, 39.823547331370733 ], [ -0.232524450382723, 39.823915707327991 ], [ -0.232575957862308, 39.823962855985123 ], [ -0.232578446215303, 39.823965185441679 ], [ -0.232591404228249, 39.823988097151194 ], [ -0.23259184662881, 39.823989008528343 ], [ -0.232682354558439, 39.824149443376896 ], [ -0.232779958982849, 39.824322537366442 ], [ -0.232833061598139, 39.82442905268956 ], [ -0.232774539257911, 39.824440978033266 ], [ -0.232496184753101, 39.824488825050182 ], [ -0.23223874954152, 39.824539977753894 ], [ -0.232069263662897, 39.824574393609254 ], [ -0.2319285773505, 39.824598413187864 ], [ -0.231899495719816, 39.824604047067943 ], [ -0.231879965607407, 39.824607769557645 ], [ -0.230475584991044, 39.824867454204515 ], [ -0.230451016764349, 39.824871533530306 ], [ -0.230169083426508, 39.824919104749178 ], [ -0.22963567528857, 39.825010960714977 ], [ -0.229617124561563, 39.825014116188576 ], [ -0.229604192375869, 39.825015724997577 ], [ -0.229368770914615, 39.825045277765312 ], [ -0.229343537399724, 39.825048030267446 ], [ -0.229339215587919, 39.825048444952209 ], [ -0.229320389731562, 39.824842879149863 ], [ -0.229320540804867, 39.82484144595815 ], [ -0.229338619317618, 39.824714250338992 ], [ -0.22936436613544, 39.824529657786201 ], [ -0.229364414247811, 39.824528460850125 ], [ -0.229366390024543, 39.824497182175683 ], [ -0.22937961251609, 39.824496777514987 ], [ -0.229406669393383, 39.824491412069307 ], [ -0.229429391213826, 39.824211864202674 ], [ -0.229437803701868, 39.824077501271702 ], [ -0.229455398944382, 39.823685959363104 ], [ -0.229455556396546, 39.823603389775649 ], [ -0.229467292502292, 39.823488789097958 ], [ -0.229491248011359, 39.823285520279811 ], [ -0.229494665148406, 39.823252966253712 ], [ -0.229496478474241, 39.823236335470945 ], [ -0.229497878099167, 39.823195670022741 ], [ -0.22950251238495, 39.823158847285804 ], [ -0.229513614226927, 39.823054063851799 ], [ -0.229563107246032, 39.822624855270632 ], [ -0.229566561509321, 39.822579428554519 ], [ -0.229566721612238, 39.822577770373542 ] ] ] ] } },
{ "type": "Feature", "properties": { "CUSEC": "1212602002", "CUMUN": "12126", "CSEC": "002", "CDIS": "02", "CMUN": "126", "CPRO": "12", "CCA": "10", "CUDIS": "1212602", "CLAU2": "12126", "NPRO": "Castellón/Castelló", "NCA": "Comunitat Valenciana", "CNUT0": "ES", "CNUT1": "5", "CNUT2": "2", "CNUT3": "2", "NMUN": "Vall d'Uixó, la" }, "geometry": { "type": "MultiPolygon", "coordinates": [ [ [ [ -0.229341259453292, 39.825070113390524 ], [ -0.229340862993442, 39.825065734956318 ], [ -0.229339215587919, 39.825048444952209 ], [ -0.229343537399724, 39.825048030267446 ], [ -0.229368770914615, 39.825045277765312 ], [ -0.229604192375869, 39.825015724997577 ], [ -0.229617124561563, 39.825014116188576 ], [ -0.22963567528857, 39.825010960714977 ], [ -0.230169083426508, 39.824919104749178 ], [ -0.230451016764349, 39.824871533530306 ], [ -0.230475584991044, 39.824867454204515 ], [ -0.231879965607407, 39.824607769557645 ], [ -0.231899495719816, 39.824604047067943 ], [ -0.2319285773505, 39.824598413187864 ], [ -0.232069263662897, 39.824574393609254 ], [ -0.23223874954152, 39.824539977753894 ], [ -0.232496184753101, 39.824488825050182 ], [ -0.232774539257911, 39.824440978033266 ], [ -0.232833061598139, 39.82442905268956 ], [ -0.232970607470418, 39.824705122766296 ], [ -0.233142603899208, 39.825050512987126 ], [ -0.233164754021601, 39.825104225841223 ], [ -0.233284822104627, 39.825396223753017 ], [ -0.233347427543072, 39.825550862054264 ], [ -0.233361478646541, 39.825587040871106 ], [ -0.233408029967232, 39.825577802268526 ], [ -0.233683633845304, 39.825524648320538 ], [ -0.233702883297371, 39.825525477866194 ], [ -0.233813414098412, 39.825859711284131 ], [ -0.233939391794896, 39.826240530450399 ], [ -0.233953386628134, 39.826284090048482 ], [ -0.233116514514587, 39.826462545866157 ], [ -0.233018457357373, 39.826484184427109 ], [ -0.233035759208894, 39.826495555802808 ], [ -0.232590982560772, 39.826589356832486 ], [ -0.232584278337815, 39.82659076421934 ], [ -0.231986733314502, 39.826630234384695 ], [ -0.231597867844164, 39.82665815206196 ], [ -0.230855974130441, 39.826711341615422 ], [ -0.230114470833951, 39.826764499694626 ], [ -0.229506711032829, 39.826808063009402 ], [ -0.229453696435095, 39.82623514712801 ], [ -0.229395751385029, 39.8255193150558 ], [ -0.229366036804513, 39.82530258917317 ], [ -0.229342909801315, 39.825087475530189 ], [ -0.229341259453292, 39.825070113390524 ] ] ] ] } },
{ "type": "Feature", "properties": { "CUSEC": "1212602003", "CUMUN": "12126", "CSEC": "003", "CDIS": "02", "CMUN": "126", "CPRO": "12", "CCA": "10", "CUDIS": "1212602", "CLAU2": "12126", "NPRO": "Castellón/Castelló", "NCA": "Comunitat Valenciana", "CNUT0": "ES", "CNUT1": "5", "CNUT2": "2", "CNUT3": "2", "NMUN": "Vall d'Uixó, la" }, "geometry": { "type": "MultiPolygon", "coordinates": [ [ [ [ -0.230152035692318, 39.828882297145789 ], [ -0.229882263040283, 39.828275395374206 ], [ -0.229863378857746, 39.828233195828297 ], [ -0.22984480519305, 39.828191700930638 ], [ -0.229629424388261, 39.827728212774041 ], [ -0.229612845884368, 39.827684756696463 ], [ -0.229592965716462, 39.82763275494716 ], [ -0.229577817037332, 39.827573929977881 ], [ -0.229576287275815, 39.827559669535091 ], [ -0.229506711032829, 39.826808063009402 ], [ -0.230114470833951, 39.826764499694626 ], [ -0.230855974130441, 39.826711341615422 ], [ -0.231597867844164, 39.82665815206196 ], [ -0.231986733314502, 39.826630234384695 ], [ -0.232584278337815, 39.82659076421934 ], [ -0.232590982560772, 39.826589356832486 ], [ -0.233035759208894, 39.826495555802808 ], [ -0.233572282128749, 39.826849632253001 ], [ -0.233575274329739, 39.826851491774633 ], [ -0.234144534896434, 39.827233042505881 ], [ -0.234148793059164, 39.827235526754393 ], [ -0.234291994107877, 39.827331535305177 ], [ -0.235042028529823, 39.827834231841301 ], [ -0.235051672366755, 39.827832096297797 ], [ -0.235512627173535, 39.827825328435786 ], [ -0.235803248210347, 39.828594950925357 ], [ -0.236004978726977, 39.829114579268392 ], [ -0.235524981714571, 39.829212771029148 ], [ -0.235200546900791, 39.829286070780462 ], [ -0.234838859177369, 39.829363247298964 ], [ -0.234348141830305, 39.829458139085808 ], [ -0.234348935085372, 39.829460440678702 ], [ -0.233629113425756, 39.829620396716614 ], [ -0.232668914124769, 39.829821520579721 ], [ -0.232463360528412, 39.829859515118862 ], [ -0.232232526843706, 39.829911207108864 ], [ -0.231976985631166, 39.829962307808778 ], [ -0.231777226993137, 39.830009972819568 ], [ -0.231777609571187, 39.830000448617803 ], [ -0.23157011470818, 39.829471142283744 ], [ -0.231424443212628, 39.829095850805849 ], [ -0.231268612756019, 39.828678663682453 ], [ -0.231238770543515, 39.828685241281946 ], [ -0.231194111823864, 39.828695150251079 ], [ -0.230649784604983, 39.828805657902144 ], [ -0.230568633716746, 39.828822071690624 ], [ -0.230296651032795, 39.828862062548779 ], [ -0.230169757364942, 39.828880725243621 ], [ -0.230152035692318, 39.828882297145789 ] ] ] ] } },
{ "type": "Feature", "properties": { "CUSEC": "1212602004", "CUMUN": "12126", "CSEC": "004", "CDIS": "02", "CMUN": "126", "CPRO": "12", "CCA": "10", "CUDIS": "1212602", "CLAU2": "12126", "NPRO": "Castellón/Castelló", "NCA": "Comunitat Valenciana", "CNUT0": "ES", "CNUT1": "5", "CNUT2": "2", "CNUT3": "2", "NMUN": "Vall d'Uixó, la" }, "geometry": { "type": "MultiPolygon", "coordinates": [ [ [ [ -0.233035759208894, 39.826495555802808 ], [ -0.233018457357373, 39.826484184427109 ], [ -0.233116514514587, 39.826462545866157 ], [ -0.233953386628134, 39.826284090048482 ], [ -0.233939391794896, 39.826240530450399 ], [ -0.233813414098412, 39.825859711284131 ], [ -0.233702883297371, 39.825525477866194 ], [ -0.233683633845304, 39.825524648320538 ], [ -0.233408029967232, 39.825577802268526 ], [ -0.233361478646541, 39.825587040871106 ], [ -0.233347427543072, 39.825550862054264 ], [ -0.233284822104627, 39.825396223753017 ], [ -0.233164754021601, 39.825104225841223 ], [ -0.234438155017577, 39.824818528609228 ], [ -0.234467706998848, 39.824811797304783 ], [ -0.234841090427645, 39.824727153579346 ], [ -0.236073392641187, 39.824428904057804 ], [ -0.236095212314237, 39.82440988551226 ], [ -0.236116288270261, 39.824391350086849 ], [ -0.236553167948229, 39.824287591193468 ], [ -0.236581060186805, 39.824281743120423 ], [ -0.236770844212539, 39.82424214277659 ], [ -0.237117243013518, 39.824183376654915 ], [ -0.2371131993328, 39.824215065636452 ], [ -0.237042078765859, 39.82487350239996 ], [ -0.237043076985516, 39.824921346084018 ], [ -0.237044047217551, 39.824964058945433 ], [ -0.237074462647956, 39.825064779940313 ], [ -0.236858320899623, 39.825481492314253 ], [ -0.2367631659433, 39.825673173967076 ], [ -0.236710347919953, 39.82568486791947 ], [ -0.236669942146907, 39.825693641779466 ], [ -0.236411337396616, 39.826251490067357 ], [ -0.236408809794761, 39.826256136585357 ], [ -0.236109552007642, 39.826828823471338 ], [ -0.235658153820726, 39.827662008651856 ], [ -0.235636574734082, 39.827702525422396 ], [ -0.235628995245268, 39.827704227400638 ], [ -0.235051672366755, 39.827832096297797 ], [ -0.235042028529823, 39.827834231841301 ], [ -0.234291994107877, 39.827331535305177 ], [ -0.234148793059164, 39.827235526754393 ], [ -0.234144534896434, 39.827233042505881 ], [ -0.233575274329739, 39.826851491774633 ], [ -0.233572282128749, 39.826849632253001 ], [ -0.233035759208894, 39.826495555802808 ] ] ] ] } },
{ "type": "Feature", "properties": { "CUSEC": "1212602005", "CUMUN": "12126", "CSEC": "005", "CDIS": "02", "CMUN": "126", "CPRO": "12", "CCA": "10", "CUDIS": "1212602", "CLAU2": "12126", "NPRO": "Castellón/Castelló", "NCA": "Comunitat Valenciana", "CNUT0": "ES", "CNUT1": "5", "CNUT2": "2", "CNUT3": "2", "NMUN": "Vall d'Uixó, la" }, "geometry": { "type": "MultiPolygon", "coordinates": [ [ [ [ -0.232833061598139, 39.82442905268956 ], [ -0.232779958982849, 39.824322537366442 ], [ -0.232682354558439, 39.824149443376896 ], [ -0.23259184662881, 39.823989008528343 ], [ -0.232591404228249, 39.823988097151194 ], [ -0.232578446215303, 39.823965185441679 ], [ -0.232575957862308, 39.823962855985123 ], [ -0.232524450382723, 39.823915707327991 ], [ -0.232584211481845, 39.823547331370733 ], [ -0.232616013291711, 39.823404761487026 ], [ -0.232619169530398, 39.823383325315554 ], [ -0.232846308061248, 39.823325048289057 ], [ -0.233541259691541, 39.823150290679635 ], [ -0.234134572200234, 39.822997104596496 ], [ -0.234185421954294, 39.822984373043248 ], [ -0.235554011614425, 39.822619550343077 ], [ -0.235570019583423, 39.822618864574018 ], [ -0.235609188287739, 39.822618173442365 ], [ -0.235602551790002, 39.822646481035747 ], [ -0.235599168403969, 39.822670109879461 ], [ -0.235583498943147, 39.822897353922038 ], [ -0.235582596869533, 39.822911574337368 ], [ -0.235573153456181, 39.823054034151198 ], [ -0.235529209487478, 39.823197734182024 ], [ -0.235264454340662, 39.823213226051898 ], [ -0.235299444345708, 39.823301174902383 ], [ -0.235327020903511, 39.823373708730529 ], [ -0.235352275623827, 39.823475297098923 ], [ -0.235381438316481, 39.823560746822537 ], [ -0.235398864933092, 39.823574796248472 ], [ -0.235432461022082, 39.823602257063499 ], [ -0.23545293100412, 39.823619073397168 ], [ -0.235472625019612, 39.823635167685751 ], [ -0.235562101842945, 39.823705620143329 ], [ -0.235591804772217, 39.823722638591342 ], [ -0.2356324716699, 39.823736021520176 ], [ -0.235635358447614, 39.823736720924394 ], [ -0.235724996505299, 39.823782913585866 ], [ -0.235819316512851, 39.823872295796896 ], [ -0.23584395004574, 39.823896462010602 ], [ -0.235862826645572, 39.82391502750518 ], [ -0.235960293257153, 39.824073834052939 ], [ -0.23596159935206, 39.824075932567659 ], [ -0.235975897397018, 39.824104815847676 ], [ -0.235989831943828, 39.824133149969363 ], [ -0.236095212314237, 39.82440988551226 ], [ -0.236073392641187, 39.824428904057804 ], [ -0.234841090427645, 39.824727153579346 ], [ -0.234467706998848, 39.824811797304783 ], [ -0.234438155017577, 39.824818528609228 ], [ -0.233164754021601, 39.825104225841223 ], [ -0.233142603899208, 39.825050512987126 ], [ -0.232970607470418, 39.824705122766296 ], [ -0.232833061598139, 39.82442905268956 ] ] ] ] } },
{ "type": "Feature", "properties": { "CUSEC": "1212602006", "CUMUN": "12126", "CSEC": "006", "CDIS": "02", "CMUN": "126", "CPRO": "12", "CCA": "10", "CUDIS": "1212602", "CLAU2": "12126", "NPRO": "Castellón/Castelló", "NCA": "Comunitat Valenciana", "CNUT0": "ES", "CNUT1": "5", "CNUT2": "2", "CNUT3": "2", "NMUN": "Vall d'Uixó, la" }, "geometry": { "type": "MultiPolygon", "coordinates": [ [ [ [ -0.232844196267587, 39.822178095525409 ], [ -0.232919025263974, 39.821779969094877 ], [ -0.232976178055047, 39.821474159860038 ], [ -0.232988522614201, 39.821413392579679 ], [ -0.233049944548741, 39.821112094676906 ], [ -0.233093023651126, 39.820887550008656 ], [ -0.233116714565649, 39.820754898018407 ], [ -0.233122910684154, 39.820705419858498 ], [ -0.233133893724425, 39.820617735164646 ], [ -0.233134503539499, 39.820608508231878 ], [ -0.233131932503176, 39.820549708172422 ], [ -0.233130359675144, 39.820504341503224 ], [ -0.23308802695682, 39.820066241077932 ], [ -0.233043021875821, 39.819705676865006 ], [ -0.233036791705908, 39.819662982565738 ], [ -0.23299948844116, 39.819419231881447 ], [ -0.232935126167235, 39.81907953248168 ], [ -0.232928045959346, 39.819042447996807 ], [ -0.232899458983542, 39.818849896075996 ], [ -0.23290823707073, 39.818631103304106 ], [ -0.232817553413617, 39.81853841038189 ], [ -0.232805974983712, 39.81851327957429 ], [ -0.232793357359187, 39.81847838702457 ], [ -0.232778524849106, 39.818359093548857 ], [ -0.232753626515527, 39.818140141077791 ], [ -0.232740334030314, 39.818029077287363 ], [ -0.232740010504871, 39.81802634008784 ], [ -0.232740922315256, 39.817967970848407 ], [ -0.232746726355264, 39.817928113073606 ], [ -0.232806031251203, 39.817774980655763 ], [ -0.232991720102422, 39.817887138515779 ], [ -0.233119344757572, 39.81796660248795 ], [ -0.233124155221219, 39.817969572880671 ], [ -0.233358674146818, 39.818164532976695 ], [ -0.233639976774567, 39.818648574201525 ], [ -0.234040932662504, 39.819458634130619 ], [ -0.234790411927841, 39.820081730964453 ], [ -0.234794211825297, 39.820081213542437 ], [ -0.234799015418773, 39.820080720058989 ], [ -0.234803868198199, 39.820080281797537 ], [ -0.234808754870704, 39.820080047028227 ], [ -0.234813540776041, 39.820079994522999 ], [ -0.234818470943039, 39.820079985995086 ], [ -0.234823250170295, 39.82008009998146 ], [ -0.234828027111027, 39.820080416597101 ], [ -0.234832890139538, 39.820080771298471 ], [ -0.234837701406572, 39.8200813679859 ], [ -0.234842460058393, 39.820081994946854 ], [ -0.234847307348628, 39.820082742028795 ], [ -0.235476837126675, 39.820167678878782 ], [ -0.235513699545666, 39.820022814532223 ], [ -0.235605896533873, 39.820016988390719 ], [ -0.235837250299249, 39.819957107788092 ], [ -0.236149996342562, 39.819868337453833 ], [ -0.236228962822692, 39.81985715893881 ], [ -0.236008983283016, 39.820568165918687 ], [ -0.236210013923275, 39.820601098100646 ], [ -0.236116404750338, 39.820959701753942 ], [ -0.236112076622239, 39.821010427218312 ], [ -0.235719159995201, 39.82095022562342 ], [ -0.23568711016047, 39.820945295180792 ], [ -0.23551525137727, 39.821641986729638 ], [ -0.235510533927114, 39.821672519158788 ], [ -0.235505317155065, 39.821697761790915 ], [ -0.235503289040847, 39.821731584173762 ], [ -0.235501919497157, 39.82177057043257 ], [ -0.23555534346397, 39.822034978529665 ], [ -0.235577802463344, 39.82214539577673 ], [ -0.235587058868977, 39.822208250333823 ], [ -0.235620290428374, 39.822527451085328 ], [ -0.23561903844662, 39.822558670593757 ], [ -0.235609188287739, 39.822618173442365 ], [ -0.235570019583423, 39.822618864574018 ], [ -0.235554011614425, 39.822619550343077 ], [ -0.234185421954294, 39.822984373043248 ], [ -0.234134572200234, 39.822997104596496 ], [ -0.233541259691541, 39.823150290679635 ], [ -0.232846308061248, 39.823325048289057 ], [ -0.232619169530398, 39.823383325315554 ], [ -0.232658029211541, 39.823129200951186 ], [ -0.232695935821458, 39.823022863484709 ], [ -0.232747420701765, 39.822740295350663 ], [ -0.232752715690541, 39.822710978527233 ], [ -0.232771081267856, 39.822578753547305 ], [ -0.232778962319648, 39.822533761171492 ], [ -0.23279870841342, 39.82242086553827 ], [ -0.232817020228196, 39.82232230730326 ], [ -0.232844196267587, 39.822178095525409 ] ] ] ] } },
{ "type": "Feature", "properties": { "CUSEC": "1212602007", "CUMUN": "12126", "CSEC": "007", "CDIS": "02", "CMUN": "126", "CPRO": "12", "CCA": "10", "CUDIS": "1212602", "CLAU2": "12126", "NPRO": "Castellón/Castelló", "NCA": "Comunitat Valenciana", "CNUT0": "ES", "CNUT1": "5", "CNUT2": "2", "CNUT3": "2", "NMUN": "Vall d'Uixó, la" }, "geometry": { "type": "MultiPolygon", "coordinates": [ [ [ [ -0.232806031251203, 39.817774980655763 ], [ -0.232603782611848, 39.817587750347556 ], [ -0.232420714649694, 39.817335053007604 ], [ -0.232212883951337, 39.817164539478384 ], [ -0.232092168519245, 39.81696299580576 ], [ -0.231945693554776, 39.816868444191257 ], [ -0.231723260731595, 39.817061790773835 ], [ -0.231505908983881, 39.817395975857693 ], [ -0.23143358077354, 39.817522415260299 ], [ -0.231338624085015, 39.817485597769597 ], [ -0.231085286209141, 39.817400696504912 ], [ -0.230746974146813, 39.81725994395736 ], [ -0.230555863511339, 39.817147085518073 ], [ -0.230540416399795, 39.81698124987328 ], [ -0.230455488160574, 39.816739535250655 ], [ -0.230430398859273, 39.816499210362579 ], [ -0.230251685482951, 39.816313608392072 ], [ -0.22972521140703, 39.815997502352822 ], [ -0.229072953989391, 39.815774508706603 ], [ -0.2290710209096, 39.815767818978465 ], [ -0.228593192443204, 39.815667932504176 ], [ -0.227776575873542, 39.815719149896744 ], [ -0.227623865400177, 39.815733116583978 ], [ -0.22708568958472, 39.815782284004065 ], [ -0.226513598200758, 39.815458910921052 ], [ -0.226120196989809, 39.814971746667325 ], [ -0.225937976711883, 39.814082620539423 ], [ -0.22567075935573, 39.813176555334493 ], [ -0.225667852377734, 39.813037102314738 ], [ -0.225381373877385, 39.812706341019314 ], [ -0.22498178385543, 39.812444874174012 ], [ -0.224645825150925, 39.812229870010576 ], [ -0.224264180935721, 39.811955345063737 ], [ -0.223809502075871, 39.811800444452466 ], [ -0.223304906050813, 39.811509431252659 ], [ -0.223215307723785, 39.811476772086266 ], [ -0.222870096620348, 39.811031586063109 ], [ -0.221624233265121, 39.809877217558679 ], [ -0.220913318267964, 39.809016791640765 ], [ -0.220298645909985, 39.808235340960316 ], [ -0.219872834951981, 39.807701208425065 ], [ -0.219167194668772, 39.807122026385848 ], [ -0.21844398604245, 39.806567974845429 ], [ -0.217756028138141, 39.806372561153736 ], [ -0.216338266172472, 39.806197953462821 ], [ -0.214646929035096, 39.806233987848991 ], [ -0.212448218077383, 39.806526141998205 ], [ -0.211632444457628, 39.806609627722708 ], [ -0.209583369539585, 39.806793638866637 ], [ -0.207248849466314, 39.807233753247601 ], [ -0.205625518297447, 39.807591701713264 ], [ -0.204315588650074, 39.808155726709458 ], [ -0.203586272483553, 39.808684112998684 ], [ -0.202808685785777, 39.810402564422446 ], [ -0.202507269790496, 39.811487253068719 ], [ -0.20226209020684, 39.812771837129389 ], [ -0.201319697533002, 39.813791411095281 ], [ -0.199862898509755, 39.814798548962152 ], [ -0.197116063099066, 39.81587374034077 ], [ -0.195217131878048, 39.816671583237913 ], [ -0.193217817035182, 39.816772078514376 ], [ -0.190897003103048, 39.816864746307367 ], [ -0.188521995882079, 39.816707879690213 ], [ -0.186787961807368, 39.816616162116112 ], [ -0.185184554648178, 39.816477956321073 ], [ -0.183545186856698, 39.815643975420016 ], [ -0.181626357545451, 39.815349157300382 ], [ -0.179572866115179, 39.815199933885019 ], [ -0.177770489396106, 39.815205692901721 ], [ -0.175717015773296, 39.815056401616793 ], [ -0.174109570397235, 39.81501721922244 ], [ -0.172719419831281, 39.814387701902909 ], [ -0.17191323896067, 39.814151754254731 ], [ -0.172121924836618, 39.813587506649611 ], [ -0.17246680946823, 39.812298751080633 ], [ -0.174416664136548, 39.809751960747008 ], [ -0.175500352622604, 39.808102900115919 ], [ -0.176010942506506, 39.807043384970257 ], [ -0.176832822134923, 39.806081521255194 ], [ -0.180769150631268, 39.799214084101507 ], [ -0.181415209384627, 39.798545445877025 ], [ -0.184415012436317, 39.800284551868856 ], [ -0.184840424527985, 39.800448009616382 ], [ -0.186096420532191, 39.800577613836246 ], [ -0.186096805913653, 39.800577614180682 ], [ -0.186097183809715, 39.800577654880051 ], [ -0.187532499681407, 39.800585474128894 ], [ -0.187532674688188, 39.800585478373854 ], [ -0.187533320562232, 39.80058553457674 ], [ -0.187533264244554, 39.800585483665955 ], [ -0.197280006934978, 39.801436341887261 ], [ -0.202065725583452, 39.801853797704354 ], [ -0.202065777904594, 39.801853803470976 ], [ -0.202065864315625, 39.801853832580591 ], [ -0.202672283705975, 39.801906719179023 ], [ -0.202672291181939, 39.801906678822675 ], [ -0.203985428180261, 39.799092090481302 ], [ -0.204820833079836, 39.797301333928999 ], [ -0.205070568918174, 39.796613724319094 ], [ -0.205842017176419, 39.79382519079698 ], [ -0.206684581334716, 39.790779321850287 ], [ -0.20750919201527, 39.790024476336782 ], [ -0.209025863171399, 39.788322452655287 ], [ -0.210200536554344, 39.786990543229379 ], [ -0.210200567172011, 39.786990507933254 ], [ -0.210200615651026, 39.786990464058647 ], [ -0.212876527559548, 39.784622674503659 ], [ -0.215527940779389, 39.782281228791085 ], [ -0.217110741011686, 39.781247237608362 ], [ -0.218891765335697, 39.780506295538963 ], [ -0.221199887347386, 39.78001207585978 ], [ -0.227178536172383, 39.779110337156595 ], [ -0.227905964196838, 39.779019645462718 ], [ -0.234884209850181, 39.778222412106665 ], [ -0.237548481443057, 39.777871571765964 ], [ -0.24561844875628, 39.776919536510562 ], [ -0.246101685479592, 39.776804878348685 ], [ -0.24610244873292, 39.776804914489738 ], [ -0.276527917077918, 39.770542224626482 ], [ -0.276539279774485, 39.770550999787091 ], [ -0.280589864964623, 39.773679304354459 ], [ -0.282362462711907, 39.775048168987311 ], [ -0.289176496138093, 39.779306457008339 ], [ -0.29056715184383, 39.780140441652762 ], [ -0.289581174501413, 39.780447504059715 ], [ -0.288451907763617, 39.780564833281154 ], [ -0.287587961246239, 39.780620910338875 ], [ -0.28679204492199, 39.780795558793208 ], [ -0.285731359722393, 39.780999919425305 ], [ -0.284848467719491, 39.781122981224236 ], [ -0.283834614627529, 39.781332942963438 ], [ -0.282506928799834, 39.781679389264845 ], [ -0.281297644163761, 39.781974613797445 ], [ -0.280329907269838, 39.782226118819906 ], [ -0.27941333194798, 39.782555255700409 ], [ -0.2786644231186, 39.782726411269827 ], [ -0.277952256092947, 39.782821989107113 ], [ -0.277227341917442, 39.782966763754736 ], [ -0.276507875744714, 39.783129632388253 ], [ -0.275310085993991, 39.783434081914606 ], [ -0.274146753924064, 39.78377532593143 ], [ -0.273132797515527, 39.783989695717786 ], [ -0.272106582697632, 39.784226179874182 ], [ -0.271197834154251, 39.784460974313212 ], [ -0.27000054052198, 39.784738431792825 ], [ -0.269032726411471, 39.78498980358043 ], [ -0.267740075500152, 39.785336903868767 ], [ -0.266495754823504, 39.785617698357335 ], [ -0.26551079657184, 39.785846128245616 ], [ -0.264537406066861, 39.786079345591112 ], [ -0.26350248934795, 39.786450523613105 ], [ -0.262752456028482, 39.786671025688307 ], [ -0.261694444595121, 39.787023633785743 ], [ -0.260723840777326, 39.787405290963839 ], [ -0.260041352005448, 39.78776234316517 ], [ -0.259177488778147, 39.788371400056782 ], [ -0.258593153452647, 39.788807239750895 ], [ -0.258021570495094, 39.789193894730531 ], [ -0.257111491499716, 39.789487009272264 ], [ -0.256541745295622, 39.789783749294443 ], [ -0.255842391109472, 39.790104365790832 ], [ -0.255196375332033, 39.790399305869109 ], [ -0.254549426352723, 39.79073916768963 ], [ -0.253634581143805, 39.791257033174567 ], [ -0.252517482574002, 39.791900478270293 ], [ -0.251904326712561, 39.792308588282125 ], [ -0.249782578825217, 39.793548676519038 ], [ -0.249171842763428, 39.794118721304208 ], [ -0.248846082618386, 39.794533687843753 ], [ -0.248436338687635, 39.795315439329727 ], [ -0.248197194303406, 39.795799909138402 ], [ -0.24800755989942, 39.79616416309149 ], [ -0.247729514305721, 39.796544289663203 ], [ -0.247107442409599, 39.797091635947062 ], [ -0.246397636143573, 39.797623315454672 ], [ -0.245925349227619, 39.798025775425387 ], [ -0.245012740525911, 39.798710014449661 ], [ -0.244475241702229, 39.799142407097037 ], [ -0.243664594186562, 39.799721118017175 ], [ -0.243072652231384, 39.800228625504211 ], [ -0.242527379328594, 39.800750766409308 ], [ -0.241828110730274, 39.801336648252068 ], [ -0.241103601278847, 39.802002918831015 ], [ -0.240422021662191, 39.802584727514216 ], [ -0.239717521194209, 39.80313896446544 ], [ -0.239166497305859, 39.803651963531671 ], [ -0.238389744254717, 39.804289957736458 ], [ -0.237598190994723, 39.805071476480329 ], [ -0.237146453373281, 39.805609299089085 ], [ -0.236753952070982, 39.806121565496376 ], [ -0.236361342503959, 39.806503871162739 ], [ -0.236012169790044, 39.806715195810114 ], [ -0.235952689008836, 39.806786112789723 ], [ -0.235389613793954, 39.80743008663638 ], [ -0.2346432127973, 39.808286289140987 ], [ -0.233840832446528, 39.809218450310077 ], [ -0.23365568122499, 39.809437019865356 ], [ -0.233499276099697, 39.8096415015697 ], [ -0.233523414442357, 39.809674232240496 ], [ -0.233311740913147, 39.809957607457697 ], [ -0.232153458689254, 39.812241300802533 ], [ -0.232187844310722, 39.812274943875039 ], [ -0.232190451964063, 39.812287532003204 ], [ -0.232393300636401, 39.812369864409391 ], [ -0.23255606932121, 39.812443560333641 ], [ -0.232646609507673, 39.812481273080422 ], [ -0.232724403158345, 39.812501448876908 ], [ -0.232802903494842, 39.81252203334374 ], [ -0.232816787243624, 39.81252535181558 ], [ -0.232868342347743, 39.812538923458661 ], [ -0.232992899837368, 39.812566936143732 ], [ -0.233072039866402, 39.812588175276787 ], [ -0.233165183251396, 39.81261589661252 ], [ -0.233237937378021, 39.812639991975971 ], [ -0.233281630678005, 39.81265634943199 ], [ -0.233310685551978, 39.812666857168679 ], [ -0.2334167435138, 39.812703980236719 ], [ -0.233487552815421, 39.812730263068254 ], [ -0.233534203054755, 39.812751559908406 ], [ -0.233537325306597, 39.812752463159491 ], [ -0.233606568800497, 39.812793932389745 ], [ -0.233666904842583, 39.812841364164676 ], [ -0.233722492704569, 39.812906004460601 ], [ -0.233752547649684, 39.812960595878657 ], [ -0.233777686241334, 39.8130567950017 ], [ -0.233789495513831, 39.813128601733197 ], [ -0.233796215627615, 39.813209052008105 ], [ -0.233802497298099, 39.813276817306637 ], [ -0.233871205111415, 39.814150030716995 ], [ -0.233897859813596, 39.814466088157467 ], [ -0.233924113800103, 39.81475032452586 ], [ -0.233942990684249, 39.81496076010972 ], [ -0.233944828914178, 39.814980599445008 ], [ -0.233961386884123, 39.815160613116589 ], [ -0.233982578413127, 39.815357614153442 ], [ -0.233982927350233, 39.815359689855711 ], [ -0.233984293580297, 39.815955523567027 ], [ -0.233983523426182, 39.815959288629493 ], [ -0.233993786198795, 39.815997998400938 ], [ -0.233994533734749, 39.815999601674697 ], [ -0.233995041007355, 39.81600137037195 ], [ -0.233995384907107, 39.81600226137806 ], [ -0.233995545694207, 39.81600305793387 ], [ -0.233995747927062, 39.816003986097066 ], [ -0.233996091610204, 39.816004882502931 ], [ -0.233996297633937, 39.816005716170686 ], [ -0.233996803643006, 39.816007516366405 ], [ -0.233997103569803, 39.816008338762096 ], [ -0.233997306705275, 39.816009244426375 ], [ -0.233997809767577, 39.81601097248636 ], [ -0.233998455818981, 39.816012776023044 ], [ -0.233998658051898, 39.816013704186261 ], [ -0.233998963994351, 39.816014522221366 ], [ -0.233999467778792, 39.816016232282209 ], [ -0.23399981077607, 39.816017145787221 ], [ -0.233999967050327, 39.816018054837635 ], [ -0.234000320395634, 39.816018855987274 ], [ -0.234000523350666, 39.816019766151328 ], [ -0.234000819847734, 39.816020674042903 ], [ -0.234001119052559, 39.81602151443775 ], [ -0.234001323632248, 39.816022384103739 ], [ -0.234001671742606, 39.816023315747117 ], [ -0.234001971850034, 39.816024133643019 ], [ -0.234002174805102, 39.816025043807073 ], [ -0.234002778508359, 39.816026738235273 ], [ -0.234002980921892, 39.81602766189868 ], [ -0.234003484706501, 39.816029371959495 ], [ -0.234003832094852, 39.816030321602007 ], [ -0.234004129855617, 39.816031197995102 ], [ -0.234004335879509, 39.816032031662822 ], [ -0.234004632918221, 39.816032926055044 ], [ -0.234004981209186, 39.816033853198618 ], [ -0.234005188677215, 39.816034650868076 ], [ -0.234005781310554, 39.816036475650797 ], [ -0.234005987334478, 39.816037309318517 ], [ -0.234006290930393, 39.816038185850822 ], [ -0.234006840673851, 39.816039915024426 ], [ -0.234007142284105, 39.816040841054331 ], [ -0.234007349571672, 39.816041643223564 ], [ -0.234007646790972, 39.816042533116018 ], [ -0.23400814840959, 39.816044297174209 ], [ -0.234008497964266, 39.816045192819288 ], [ -0.234008702544101, 39.816046062485285 ], [ -0.234009001749116, 39.816046902880089 ], [ -0.234009297343811, 39.816047833270574 ], [ -0.234009807866387, 39.816049520971667 ], [ -0.234010010099539, 39.816050449134835 ], [ -0.234010353819167, 39.816051344640712 ], [ -0.234010510274132, 39.816052249191308 ], [ -0.234011060017799, 39.816053978364899 ], [ -0.234011362891775, 39.816054872896324 ], [ -0.234011771148997, 39.816056634727218 ], [ -0.234012275656062, 39.81605832678887 ], [ -0.234012774386642, 39.816060162843613 ], [ -0.234013284728852, 39.816061855044467 ], [ -0.234013486962075, 39.816062783207649 ], [ -0.234014036705887, 39.816064512381217 ], [ -0.234014396838293, 39.816066309096733 ], [ -0.234014899901363, 39.816068037156633 ], [ -0.234015306714605, 39.81606983498579 ], [ -0.234015715694048, 39.816071578817542 ], [ -0.234016123048877, 39.816073363147339 ], [ -0.234016532028368, 39.816075106979085 ], [ -0.234016891438815, 39.816076921693721 ], [ -0.234017293139112, 39.816078701384519 ], [ -0.234017702118657, 39.816080445216265 ], [ -0.234018107307384, 39.81608228354348 ], [ -0.234018468884092, 39.816084044260691 ], [ -0.234018783780023, 39.816085803864269 ], [ -0.234019137355469, 39.816087618439674 ], [ -0.234019451348839, 39.816089400542168 ], [ -0.234019658095115, 39.816090216210746 ], [ -0.234019919031051, 39.816092010559721 ], [ -0.234020324941941, 39.816093830887795 ], [ -0.23402038147832, 39.816094751071027 ], [ -0.23402079118008, 39.81609647690361 ], [ -0.234021057770647, 39.816098275891584 ], [ -0.234021161709911, 39.81609917918933 ], [ -0.234021520940054, 39.816100998403719 ], [ -0.234021834391979, 39.816102794005559 ], [ -0.234021895260761, 39.81610360619397 ], [ -0.234022098216255, 39.816104516358003 ], [ -0.234022201252958, 39.816105442154665 ], [ -0.234022359152288, 39.816106310706978 ], [ -0.234022469468226, 39.816107200644566 ], [ -0.234022671701673, 39.816108128807727 ], [ -0.234022728960148, 39.816109030991825 ], [ -0.234022931915665, 39.816109941155837 ], [ -0.234023041509551, 39.816110849092581 ], [ -0.234023193573796, 39.816111717505677 ], [ -0.234023306055939, 39.816112553445876 ], [ -0.234023363314423, 39.81611345562996 ], [ -0.234023566269958, 39.816114365793993 ], [ -0.234023675141793, 39.816115291729844 ], [ -0.234023879721978, 39.816116161395811 ], [ -0.234023935355828, 39.816117104077954 ], [ -0.234024139755506, 39.816117978243703 ], [ -0.234024202849105, 39.816118880566997 ], [ -0.234024305885847, 39.816119806363659 ], [ -0.234024509563471, 39.816120698528557 ], [ -0.234024572921516, 39.816121623378592 ], [ -0.234024681193224, 39.816122418681509 ], [ -0.234024838370548, 39.816123305232971 ], [ -0.234025004320386, 39.816125137852701 ], [ -0.234025208900622, 39.816126007518662 ], [ -0.234025311937382, 39.816126933315324 ], [ -0.234025468934206, 39.816127824366561 ], [ -0.234025635064581, 39.816129652486495 ], [ -0.234025838742246, 39.816130544651379 ], [ -0.234026006316769, 39.816132336773059 ], [ -0.234026269419157, 39.81613407712463 ], [ -0.234026437715749, 39.816135851247161 ], [ -0.234026639949322, 39.816136779410314 ], [ -0.234026806621282, 39.81613859403091 ], [ -0.234027074114685, 39.816140370519946 ], [ -0.234027381009707, 39.816142183981704 ], [ -0.234027547681703, 39.816143998602286 ], [ -0.234027812228284, 39.816145702955566 ], [ -0.234027874599862, 39.816146623278001 ], [ -0.234028041271865, 39.81614843789859 ], [ -0.234028347444884, 39.816150269359476 ], [ -0.23402846978276, 39.816152024369217 ], [ -0.234028636454784, 39.816153838989813 ], [ -0.234028948462931, 39.816155670589886 ], [ -0.234029120369937, 39.816157354716751 ], [ -0.234029176725911, 39.816158279399751 ], [ -0.234029342856422, 39.8161601075197 ], [ -0.234029511875181, 39.816161863643075 ], [ -0.234029677825188, 39.816163696262798 ], [ -0.234029734903232, 39.816164602946678 ], [ -0.234029901033764, 39.816166431066613 ], [ -0.234029965391046, 39.816167301891404 ], [ -0.234030033046815, 39.816169109645692 ], [ -0.234030198996831, 39.81617094226543 ], [ -0.234030256977472, 39.816171826450358 ], [ -0.234030368015633, 39.816172698388804 ], [ -0.23403053486824, 39.816174508509619 ], [ -0.234030757354798, 39.816177261312539 ], [ -0.234030786331014, 39.816179014094985 ], [ -0.234030955169312, 39.816180774718163 ], [ -0.234031059830831, 39.81618166001676 ], [ -0.234031180544145, 39.816183455524545 ], [ -0.234031254035045, 39.816185263418049 ], [ -0.234031420165625, 39.816187091537991 ], [ -0.234031478687831, 39.816187962223573 ], [ -0.234031589003958, 39.816188852161147 ], [ -0.234031609256809, 39.816190676800929 ], [ -0.234031776109477, 39.816192486921722 ], [ -0.234031943503687, 39.816194283543162 ], [ -0.234032110356356, 39.816196093663955 ], [ -0.234032130428707, 39.816197922803525 ], [ -0.234032241647429, 39.816198790242183 ], [ -0.234032408319595, 39.81620060486275 ], [ -0.234032429294527, 39.816202411503404 ], [ -0.234032597591343, 39.816204185625914 ], [ -0.23403261838576, 39.816205996766357 ], [ -0.234032727438295, 39.816206918202418 ], [ -0.234032784516394, 39.81620782488627 ], [ -0.23403274751065, 39.816208747341975 ], [ -0.234032916529542, 39.816210503465356 ], [ -0.234032879523797, 39.816211425921054 ], [ -0.234033046376517, 39.816213236041854 ], [ -0.234033109289721, 39.816214142864915 ], [ -0.23403317766761, 39.816215932620075 ], [ -0.234033241302891, 39.816216821444002 ], [ -0.234033204297141, 39.816217743899706 ], [ -0.234033308236654, 39.816218647197417 ], [ -0.234033370427801, 39.816219572019619 ], [ -0.234033334866177, 39.816220458477048 ], [ -0.234033502440979, 39.816222250598699 ], [ -0.234033466879352, 39.816223137056127 ], [ -0.234033523235388, 39.816224061739113 ], [ -0.234033633010024, 39.816224965176055 ], [ -0.234033654526508, 39.816226758317327 ], [ -0.234033759188086, 39.81622764361591 ], [ -0.234033822546271, 39.816228568465974 ], [ -0.234033786262577, 39.816229472922537 ], [ -0.234033891646234, 39.816230340221971 ], [ -0.234033953115327, 39.816231283043301 ], [ -0.234034021493228, 39.816233072798447 ], [ -0.234034085128523, 39.81623396162238 ], [ -0.234034123071945, 39.816235345283324 ], [ -0.234034233388146, 39.816236235220906 ], [ -0.234034196382383, 39.816237157676611 ], [ -0.234034219523511, 39.816238910319825 ], [ -0.234034292292403, 39.816240736212457 ], [ -0.234034255286635, 39.816241658668154 ], [ -0.234034220447058, 39.816242527126441 ], [ -0.234034278427748, 39.81624341131139 ], [ -0.234034241421977, 39.816244333767074 ], [ -0.234034444377952, 39.816245243931085 ], [ -0.234034371991053, 39.81624704834443 ], [ -0.234034446204062, 39.816248838238771 ], [ -0.234034410642414, 39.816249724696185 ], [ -0.234034466998475, 39.816250649379185 ], [ -0.234034430895277, 39.816251549335959 ], [ -0.234034451689686, 39.816253360476367 ], [ -0.234034742216882, 39.816255727550718 ], [ -0.234034656471776, 39.816257864948071 ], [ -0.234034677988237, 39.816259658089336 ], [ -0.234034751479195, 39.816261465982819 ], [ -0.234034808557325, 39.816262372666678 ], [ -0.23403473617039, 39.816264177080008 ], [ -0.234034810383411, 39.816265966974363 ], [ -0.234034831177801, 39.816267778114764 ], [ -0.234034857265771, 39.816269602893726 ], [ -0.234034787045011, 39.816271353309666 ], [ -0.23403485379827, 39.816273183562842 ], [ -0.234034880608286, 39.816274990342677 ], [ -0.234034812553707, 39.816276686761199 ], [ -0.23403473998622, 39.816278495674311 ], [ -0.234034668321307, 39.816280282088506 ], [ -0.234034595934323, 39.816282086501815 ], [ -0.234034522644751, 39.816283913414075 ], [ -0.234034450257754, 39.816285717827398 ], [ -0.23403428083995, 39.816287465876812 ], [ -0.234034207550356, 39.816289292789051 ], [ -0.234033995842569, 39.816291075862289 ], [ -0.234033824078009, 39.816292882408888 ], [ -0.234033658329084, 39.816294684594915 ], [ -0.234033441508204, 39.816296449529808 ], [ -0.234033129700761, 39.816298252735464 ], [ -0.234032963229732, 39.816300072920612 ], [ -0.234032744784161, 39.816301878353563 ], [ -0.234032616763099, 39.816302740084751 ], [ -0.234032304233542, 39.816304561289535 ], [ -0.234032141372784, 39.816306291479009 ], [ -0.234031833078996, 39.816308036215304 ], [ -0.234031650195118, 39.816308955190834 ], [ -0.234031520729902, 39.816309852920284 ], [ -0.234031209644396, 39.816311638126784 ], [ -0.234031174263143, 39.816312520084423 ], [ -0.234030991379252, 39.81631343905994 ], [ -0.234030861733489, 39.816314341289193 ], [ -0.234030550106398, 39.816316139995045 ], [ -0.234030413903434, 39.816317060084202 ], [ -0.234030104442515, 39.816318804792665 ], [ -0.234029927393699, 39.816319723907377 ], [ -0.234029615044475, 39.816321540612357 ], [ -0.234029352264472, 39.816323286434447 ], [ -0.23402917521563, 39.816324205549172 ], [ -0.23402886340792, 39.816326008754785 ], [ -0.234028730995771, 39.816326834348502 ], [ -0.23402855629363, 39.81632769496602 ], [ -0.234028291166848, 39.816329499285303 ], [ -0.234028109004917, 39.816330400261677 ], [ -0.234027978817521, 39.816331315990261 ], [ -0.234027798099716, 39.816332180968367 ], [ -0.234027667009735, 39.816333119195889 ], [ -0.234027356826575, 39.816334881903437 ], [ -0.234027008193279, 39.816337603064937 ], [ -0.234026879991536, 39.8163384692959 ], [ -0.234026568364197, 39.816340268001731 ], [ -0.234026349196203, 39.816342091433775 ], [ -0.234026220452899, 39.816342971164097 ], [ -0.234025909367056, 39.816344756370562 ], [ -0.234025691101609, 39.816346557303682 ], [ -0.234025561455701, 39.816347459532913 ], [ -0.234025250550331, 39.816349240239596 ], [ -0.234025214988439, 39.816350126696982 ], [ -0.234025084800961, 39.816351042425566 ], [ -0.234024902638916, 39.816351943401934 ], [ -0.234024777505915, 39.816352733136561 ], [ -0.234024593899721, 39.816353670111226 ], [ -0.234024559059883, 39.816354538569499 ], [ -0.234024247432376, 39.816356337275295 ], [ -0.234024080780366, 39.816358161960196 ], [ -0.234023946923926, 39.816359023552153 ], [ -0.234023734493486, 39.816360824624482 ], [ -0.234023386401411, 39.816363532286587 ], [ -0.23402321553887, 39.81636531633422 ], [ -0.234023004275417, 39.816367117434382 ], [ -0.234022930985317, 39.816368944346578 ], [ -0.234022858597799, 39.816370748759859 ], [ -0.234022787654415, 39.816372517174869 ], [ -0.234022855129365, 39.816374329428896 ], [ -0.234023022704028, 39.816376121550519 ], [ -0.234022987142072, 39.816377008007912 ], [ -0.23402304933311, 39.816377932830122 ], [ -0.2340231532726, 39.816378836127825 ], [ -0.23402321546364, 39.816379760949999 ], [ -0.234023180623754, 39.816380629408258 ], [ -0.234023238604326, 39.816381513593186 ], [ -0.234023347476359, 39.816382439529022 ], [ -0.23402331119233, 39.816383343985564 ], [ -0.234023368450834, 39.816384246169612 ], [ -0.234023295160701, 39.816386073081809 ], [ -0.234023224939358, 39.816387823497692 ], [ -0.234023187933251, 39.81638874595334 ], [ -0.234023058467704, 39.816389643682768 ], [ -0.234023021461592, 39.816390566138445 ], [ -0.234022840021466, 39.81639144911567 ], [ -0.234022805362078, 39.816392313074132 ], [ -0.234022768355959, 39.816393235529809 ], [ -0.234022599537541, 39.816395114212085 ], [ -0.234022619609393, 39.816396943351585 ], [ -0.234022547943865, 39.81639872976573 ], [ -0.234022658440562, 39.816399615203501 ], [ -0.234022621434432, 39.816400537659177 ], [ -0.234022642950418, 39.8164023308004 ], [ -0.234022606124801, 39.816403248756288 ], [ -0.234022654342893, 39.816405686619454 ], [ -0.234014002423255, 39.816510470556118 ], [ -0.234010569821252, 39.816561383974232 ], [ -0.234009164640506, 39.816727645962487 ], [ -0.23400715494284, 39.816940015406246 ], [ -0.233992201242623, 39.81698128004993 ], [ -0.233932680636453, 39.817145988896073 ], [ -0.233871791014187, 39.817266024109514 ], [ -0.23384669027216, 39.817315622427408 ], [ -0.233665812315371, 39.817529591219078 ], [ -0.233497514797515, 39.817685266202929 ], [ -0.233336217552214, 39.817807196691831 ], [ -0.233129091766453, 39.817965763124455 ], [ -0.233124155221219, 39.817969572880671 ], [ -0.233119344757572, 39.81796660248795 ], [ -0.232991720102422, 39.817887138515779 ], [ -0.232806031251203, 39.817774980655763 ] ] ] ] } },
{ "type": "Feature", "properties": { "CUSEC": "1212602008", "CUMUN": "12126", "CSEC": "008", "CDIS": "02", "CMUN": "126", "CPRO": "12", "CCA": "10", "CUDIS": "1212602", "CLAU2": "12126", "NPRO": "Castellón/Castelló", "NCA": "Comunitat Valenciana", "CNUT0": "ES", "CNUT1": "5", "CNUT2": "2", "CNUT3": "2", "NMUN": "Vall d'Uixó, la" }, "geometry": { "type": "MultiPolygon", "coordinates": [ [ [ [ -0.233124155221219, 39.817969572880671 ], [ -0.233129091766453, 39.817965763124455 ], [ -0.233336217552214, 39.817807196691831 ], [ -0.233497514797515, 39.817685266202929 ], [ -0.233665812315371, 39.817529591219078 ], [ -0.23384669027216, 39.817315622427408 ], [ -0.233871791014187, 39.817266024109514 ], [ -0.233932680636453, 39.817145988896073 ], [ -0.233992201242623, 39.81698128004993 ], [ -0.23400715494284, 39.816940015406246 ], [ -0.234009164640506, 39.816727645962487 ], [ -0.234010569821252, 39.816561383974232 ], [ -0.234014002423255, 39.816510470556118 ], [ -0.234022654342893, 39.816405686619454 ], [ -0.234022606124801, 39.816403248756288 ], [ -0.234022642950418, 39.8164023308004 ], [ -0.234022621434432, 39.816400537659177 ], [ -0.234022658440562, 39.816399615203501 ], [ -0.234022547943865, 39.81639872976573 ], [ -0.234022619609393, 39.816396943351585 ], [ -0.234022599537541, 39.816395114212085 ], [ -0.234022768355959, 39.816393235529809 ], [ -0.234022805362078, 39.816392313074132 ], [ -0.234022840021466, 39.81639144911567 ], [ -0.234023021461592, 39.816390566138445 ], [ -0.234023058467704, 39.816389643682768 ], [ -0.234023187933251, 39.81638874595334 ], [ -0.234023224939358, 39.816387823497692 ], [ -0.234023295160701, 39.816386073081809 ], [ -0.234023368450834, 39.816384246169612 ], [ -0.23402331119233, 39.816383343985564 ], [ -0.234023347476359, 39.816382439529022 ], [ -0.234023238604326, 39.816381513593186 ], [ -0.234023180623754, 39.816380629408258 ], [ -0.23402321546364, 39.816379760949999 ], [ -0.2340231532726, 39.816378836127825 ], [ -0.23402304933311, 39.816377932830122 ], [ -0.234022987142072, 39.816377008007912 ], [ -0.234023022704028, 39.816376121550519 ], [ -0.234022855129365, 39.816374329428896 ], [ -0.234022787654415, 39.816372517174869 ], [ -0.234022858597799, 39.816370748759859 ], [ -0.234022930985317, 39.816368944346578 ], [ -0.234023004275417, 39.816367117434382 ], [ -0.23402321553887, 39.81636531633422 ], [ -0.234023386401411, 39.816363532286587 ], [ -0.234023734493486, 39.816360824624482 ], [ -0.234023946923926, 39.816359023552153 ], [ -0.234024080780366, 39.816358161960196 ], [ -0.234024247432376, 39.816356337275295 ], [ -0.234024559059883, 39.816354538569499 ], [ -0.234024593899721, 39.816353670111226 ], [ -0.234024777505915, 39.816352733136561 ], [ -0.234024902638916, 39.816351943401934 ], [ -0.234025084800961, 39.816351042425566 ], [ -0.234025214988439, 39.816350126696982 ], [ -0.234025250550331, 39.816349240239596 ], [ -0.234025561455701, 39.816347459532913 ], [ -0.234025691101609, 39.816346557303682 ], [ -0.234025909367056, 39.816344756370562 ], [ -0.234026220452899, 39.816342971164097 ], [ -0.234026349196203, 39.816342091433775 ], [ -0.234026568364197, 39.816340268001731 ], [ -0.234026879991536, 39.8163384692959 ], [ -0.234027008193279, 39.816337603064937 ], [ -0.234027356826575, 39.816334881903437 ], [ -0.234027667009735, 39.816333119195889 ], [ -0.234027798099716, 39.816332180968367 ], [ -0.234027978817521, 39.816331315990261 ], [ -0.234028109004917, 39.816330400261677 ], [ -0.234028291166848, 39.816329499285303 ], [ -0.23402855629363, 39.81632769496602 ], [ -0.234028730995771, 39.816326834348502 ], [ -0.23402886340792, 39.816326008754785 ], [ -0.23402917521563, 39.816324205549172 ], [ -0.234029352264472, 39.816323286434447 ], [ -0.234029615044475, 39.816321540612357 ], [ -0.234029927393699, 39.816319723907377 ], [ -0.234030104442515, 39.816318804792665 ], [ -0.234030413903434, 39.816317060084202 ], [ -0.234030550106398, 39.816316139995045 ], [ -0.234030861733489, 39.816314341289193 ], [ -0.234030991379252, 39.81631343905994 ], [ -0.234031174263143, 39.816312520084423 ], [ -0.234031209644396, 39.816311638126784 ], [ -0.234031520729902, 39.816309852920284 ], [ -0.234031650195118, 39.816308955190834 ], [ -0.234031833078996, 39.816308036215304 ], [ -0.234032141372784, 39.816306291479009 ], [ -0.234032304233542, 39.816304561289535 ], [ -0.234032616763099, 39.816302740084751 ], [ -0.234032744784161, 39.816301878353563 ], [ -0.234032963229732, 39.816300072920612 ], [ -0.234033129700761, 39.816298252735464 ], [ -0.234033441508204, 39.816296449529808 ], [ -0.234033658329084, 39.816294684594915 ], [ -0.234033824078009, 39.816292882408888 ], [ -0.234033995842569, 39.816291075862289 ], [ -0.234034207550356, 39.816289292789051 ], [ -0.23403428083995, 39.816287465876812 ], [ -0.234034450257754, 39.816285717827398 ], [ -0.234034522644751, 39.816283913414075 ], [ -0.234034595934323, 39.816282086501815 ], [ -0.234034668321307, 39.816280282088506 ], [ -0.23403473998622, 39.816278495674311 ], [ -0.234034812553707, 39.816276686761199 ], [ -0.234034880608286, 39.816274990342677 ], [ -0.23403485379827, 39.816273183562842 ], [ -0.234034787045011, 39.816271353309666 ], [ -0.234034857265771, 39.816269602893726 ], [ -0.234034831177801, 39.816267778114764 ], [ -0.234034810383411, 39.816265966974363 ], [ -0.23403473617039, 39.816264177080008 ], [ -0.234034808557325, 39.816262372666678 ], [ -0.234034751479195, 39.816261465982819 ], [ -0.234034677988237, 39.816259658089336 ], [ -0.234034656471776, 39.816257864948071 ], [ -0.234034742216882, 39.816255727550718 ], [ -0.234034451689686, 39.816253360476367 ], [ -0.234034430895277, 39.816251549335959 ], [ -0.234034466998475, 39.816250649379185 ], [ -0.234034410642414, 39.816249724696185 ], [ -0.234034446204062, 39.816248838238771 ], [ -0.234034371991053, 39.81624704834443 ], [ -0.234034444377952, 39.816245243931085 ], [ -0.234034241421977, 39.816244333767074 ], [ -0.234034278427748, 39.81624341131139 ], [ -0.234034220447058, 39.816242527126441 ], [ -0.234034255286635, 39.816241658668154 ], [ -0.234034292292403, 39.816240736212457 ], [ -0.234034219523511, 39.816238910319825 ], [ -0.234034196382383, 39.816237157676611 ], [ -0.234034233388146, 39.816236235220906 ], [ -0.234034123071945, 39.816235345283324 ], [ -0.234034085128523, 39.81623396162238 ], [ -0.234034021493228, 39.816233072798447 ], [ -0.234033953115327, 39.816231283043301 ], [ -0.234033891646234, 39.816230340221971 ], [ -0.234033786262577, 39.816229472922537 ], [ -0.234033822546271, 39.816228568465974 ], [ -0.234033759188086, 39.81622764361591 ], [ -0.234033654526508, 39.816226758317327 ], [ -0.234033633010024, 39.816224965176055 ], [ -0.234033523235388, 39.816224061739113 ], [ -0.234033466879352, 39.816223137056127 ], [ -0.234033502440979, 39.816222250598699 ], [ -0.234033334866177, 39.816220458477048 ], [ -0.234033370427801, 39.816219572019619 ], [ -0.234033308236654, 39.816218647197417 ], [ -0.234033204297141, 39.816217743899706 ], [ -0.234033241302891, 39.816216821444002 ], [ -0.23403317766761, 39.816215932620075 ], [ -0.234033109289721, 39.816214142864915 ], [ -0.234033046376517, 39.816213236041854 ], [ -0.234032879523797, 39.816211425921054 ], [ -0.234032916529542, 39.816210503465356 ], [ -0.23403274751065, 39.816208747341975 ], [ -0.234032784516394, 39.81620782488627 ], [ -0.234032727438295, 39.816206918202418 ], [ -0.23403261838576, 39.816205996766357 ], [ -0.234032597591343, 39.816204185625914 ], [ -0.234032429294527, 39.816202411503404 ], [ -0.234032408319595, 39.81620060486275 ], [ -0.234032241647429, 39.816198790242183 ], [ -0.234032130428707, 39.816197922803525 ], [ -0.234032110356356, 39.816196093663955 ], [ -0.234031943503687, 39.816194283543162 ], [ -0.234031776109477, 39.816192486921722 ], [ -0.234031609256809, 39.816190676800929 ], [ -0.234031589003958, 39.816188852161147 ], [ -0.234031478687831, 39.816187962223573 ], [ -0.234031420165625, 39.816187091537991 ], [ -0.234031254035045, 39.816185263418049 ], [ -0.234031180544145, 39.816183455524545 ], [ -0.234031059830831, 39.81618166001676 ], [ -0.234030955169312, 39.816180774718163 ], [ -0.234030786331014, 39.816179014094985 ], [ -0.234030757354798, 39.816177261312539 ], [ -0.23403053486824, 39.816174508509619 ], [ -0.234030368015633, 39.816172698388804 ], [ -0.234030256977472, 39.816171826450358 ], [ -0.234030198996831, 39.81617094226543 ], [ -0.234030033046815, 39.816169109645692 ], [ -0.234029965391046, 39.816167301891404 ], [ -0.234029901033764, 39.816166431066613 ], [ -0.234029734903232, 39.816164602946678 ], [ -0.234029677825188, 39.816163696262798 ], [ -0.234029511875181, 39.816161863643075 ], [ -0.234029342856422, 39.8161601075197 ], [ -0.234029176725911, 39.816158279399751 ], [ -0.234029120369937, 39.816157354716751 ], [ -0.234028948462931, 39.816155670589886 ], [ -0.234028636454784, 39.816153838989813 ], [ -0.23402846978276, 39.816152024369217 ], [ -0.234028347444884, 39.816150269359476 ], [ -0.234028041271865, 39.81614843789859 ], [ -0.234027874599862, 39.816146623278001 ], [ -0.234027812228284, 39.816145702955566 ], [ -0.234027547681703, 39.816143998602286 ], [ -0.234027381009707, 39.816142183981704 ], [ -0.234027074114685, 39.816140370519946 ], [ -0.234026806621282, 39.81613859403091 ], [ -0.234026639949322, 39.816136779410314 ], [ -0.234026437715749, 39.816135851247161 ], [ -0.234026269419157, 39.81613407712463 ], [ -0.234026006316769, 39.816132336773059 ], [ -0.234025838742246, 39.816130544651379 ], [ -0.234025635064581, 39.816129652486495 ], [ -0.234025468934206, 39.816127824366561 ], [ -0.234025311937382, 39.816126933315324 ], [ -0.234025208900622, 39.816126007518662 ], [ -0.234025004320386, 39.816125137852701 ], [ -0.234024838370548, 39.816123305232971 ], [ -0.234024681193224, 39.816122418681509 ], [ -0.234024572921516, 39.816121623378592 ], [ -0.234024509563471, 39.816120698528557 ], [ -0.234024305885847, 39.816119806363659 ], [ -0.234024202849105, 39.816118880566997 ], [ -0.234024139755506, 39.816117978243703 ], [ -0.234023935355828, 39.816117104077954 ], [ -0.234023879721978, 39.816116161395811 ], [ -0.234023675141793, 39.816115291729844 ], [ -0.234023566269958, 39.816114365793993 ], [ -0.234023363314423, 39.81611345562996 ], [ -0.234023306055939, 39.816112553445876 ], [ -0.234023193573796, 39.816111717505677 ], [ -0.234023041509551, 39.816110849092581 ], [ -0.234022931915665, 39.816109941155837 ], [ -0.234022728960148, 39.816109030991825 ], [ -0.234022671701673, 39.816108128807727 ], [ -0.234022469468226, 39.816107200644566 ], [ -0.234022359152288, 39.816106310706978 ], [ -0.234022201252958, 39.816105442154665 ], [ -0.234022098216255, 39.816104516358003 ], [ -0.234021895260761, 39.81610360619397 ], [ -0.234021834391979, 39.816102794005559 ], [ -0.234021520940054, 39.816100998403719 ], [ -0.234021161709911, 39.81609917918933 ], [ -0.234021057770647, 39.816098275891584 ], [ -0.23402079118008, 39.81609647690361 ], [ -0.23402038147832, 39.816094751071027 ], [ -0.234020324941941, 39.816093830887795 ], [ -0.234019919031051, 39.816092010559721 ], [ -0.234019658095115, 39.816090216210746 ], [ -0.234019451348839, 39.816089400542168 ], [ -0.234019137355469, 39.816087618439674 ], [ -0.234018783780023, 39.816085803864269 ], [ -0.234018468884092, 39.816084044260691 ], [ -0.234018107307384, 39.81608228354348 ], [ -0.234017702118657, 39.816080445216265 ], [ -0.234017293139112, 39.816078701384519 ], [ -0.234016891438815, 39.816076921693721 ], [ -0.234016532028368, 39.816075106979085 ], [ -0.234016123048877, 39.816073363147339 ], [ -0.234015715694048, 39.816071578817542 ], [ -0.234015306714605, 39.81606983498579 ], [ -0.234014899901363, 39.816068037156633 ], [ -0.234014396838293, 39.816066309096733 ], [ -0.234014036705887, 39.816064512381217 ], [ -0.234013486962075, 39.816062783207649 ], [ -0.234013284728852, 39.816061855044467 ], [ -0.234012774386642, 39.816060162843613 ], [ -0.234012275656062, 39.81605832678887 ], [ -0.234011771148997, 39.816056634727218 ], [ -0.234011362891775, 39.816054872896324 ], [ -0.234011060017799, 39.816053978364899 ], [ -0.234010510274132, 39.816052249191308 ], [ -0.234010353819167, 39.816051344640712 ], [ -0.234010010099539, 39.816050449134835 ], [ -0.234009807866387, 39.816049520971667 ], [ -0.234009297343811, 39.816047833270574 ], [ -0.234009001749116, 39.816046902880089 ], [ -0.234008702544101, 39.816046062485285 ], [ -0.234008497964266, 39.816045192819288 ], [ -0.23400814840959, 39.816044297174209 ], [ -0.234007646790972, 39.816042533116018 ], [ -0.234007349571672, 39.816041643223564 ], [ -0.234007142284105, 39.816040841054331 ], [ -0.234006840673851, 39.816039915024426 ], [ -0.234006290930393, 39.816038185850822 ], [ -0.234005987334478, 39.816037309318517 ], [ -0.234005781310554, 39.816036475650797 ], [ -0.234005188677215, 39.816034650868076 ], [ -0.234004981209186, 39.816033853198618 ], [ -0.234004632918221, 39.816032926055044 ], [ -0.234004335879509, 39.816032031662822 ], [ -0.234004129855617, 39.816031197995102 ], [ -0.234003832094852, 39.816030321602007 ], [ -0.234003484706501, 39.816029371959495 ], [ -0.234002980921892, 39.81602766189868 ], [ -0.234002778508359, 39.816026738235273 ], [ -0.234002174805102, 39.816025043807073 ], [ -0.234001971850034, 39.816024133643019 ], [ -0.234001671742606, 39.816023315747117 ], [ -0.234001323632248, 39.816022384103739 ], [ -0.234001119052559, 39.81602151443775 ], [ -0.234000819847734, 39.816020674042903 ], [ -0.234000523350666, 39.816019766151328 ], [ -0.234000320395634, 39.816018855987274 ], [ -0.233999967050327, 39.816018054837635 ], [ -0.23399981077607, 39.816017145787221 ], [ -0.233999467778792, 39.816016232282209 ], [ -0.233998963994351, 39.816014522221366 ], [ -0.233998658051898, 39.816013704186261 ], [ -0.233998455818981, 39.816012776023044 ], [ -0.233997809767577, 39.81601097248636 ], [ -0.233997306705275, 39.816009244426375 ], [ -0.233997103569803, 39.816008338762096 ], [ -0.233996803643006, 39.816007516366405 ], [ -0.233996297633937, 39.816005716170686 ], [ -0.233996091610204, 39.816004882502931 ], [ -0.233995747927062, 39.816003986097066 ], [ -0.233995545694207, 39.81600305793387 ], [ -0.233995384907107, 39.81600226137806 ], [ -0.233995041007355, 39.81600137037195 ], [ -0.233994533734749, 39.815999601674697 ], [ -0.233993786198795, 39.815997998400938 ], [ -0.233983523426182, 39.815959288629493 ], [ -0.233984293580297, 39.815955523567027 ], [ -0.233982927350233, 39.815359689855711 ], [ -0.233982578413127, 39.815357614153442 ], [ -0.233961386884123, 39.815160613116589 ], [ -0.233944828914178, 39.814980599445008 ], [ -0.236310949813362, 39.815159072554572 ], [ -0.238841228997294, 39.816054969837289 ], [ -0.239260842500357, 39.816377344531773 ], [ -0.239654605428158, 39.816870520889431 ], [ -0.239846959235732, 39.816774836481073 ], [ -0.240040606493379, 39.816968526446189 ], [ -0.240433082841014, 39.816788793034092 ], [ -0.240806981036508, 39.816635628098233 ], [ -0.241097559236851, 39.816595275183452 ], [ -0.241331059749179, 39.81666836114016 ], [ -0.241527410210204, 39.816794583981334 ], [ -0.241714892963388, 39.816912684536291 ], [ -0.241776795777088, 39.816868648731202 ], [ -0.241982572628781, 39.817045908465474 ], [ -0.241764953113043, 39.817225294921705 ], [ -0.241757510479086, 39.817243055870584 ], [ -0.241445379122974, 39.817465403529184 ], [ -0.241439192778555, 39.817467762417103 ], [ -0.24142735222347, 39.817478245482739 ], [ -0.241275788578125, 39.817612434809035 ], [ -0.241165952993811, 39.817731370595567 ], [ -0.240902806984142, 39.817961453814249 ], [ -0.240432780035227, 39.818328420275797 ], [ -0.240160341998001, 39.81857178564497 ], [ -0.239976636816577, 39.818721991247102 ], [ -0.2402230736124, 39.819035428572306 ], [ -0.239444292380863, 39.819049034800315 ], [ -0.238347343802678, 39.819388368433344 ], [ -0.238162751687458, 39.819530582210994 ], [ -0.237746992204389, 39.819632414067584 ], [ -0.237340248721559, 39.81970498088269 ], [ -0.237059894195123, 39.81974484626987 ], [ -0.236962398660147, 39.819758718621934 ], [ -0.236543196538451, 39.819812590100305 ], [ -0.236228962822692, 39.81985715893881 ], [ -0.236149996342562, 39.819868337453833 ], [ -0.235837250299249, 39.819957107788092 ], [ -0.235605896533873, 39.820016988390719 ], [ -0.235513699545666, 39.820022814532223 ], [ -0.235476837126675, 39.820167678878782 ], [ -0.234847307348628, 39.820082742028795 ], [ -0.234842460058393, 39.820081994946854 ], [ -0.234837701406572, 39.8200813679859 ], [ -0.234832890139538, 39.820080771298471 ], [ -0.234828027111027, 39.820080416597101 ], [ -0.234823250170295, 39.82008009998146 ], [ -0.234818470943039, 39.820079985995086 ], [ -0.234813540776041, 39.820079994522999 ], [ -0.234808754870704, 39.820080047028227 ], [ -0.234803868198199, 39.820080281797537 ], [ -0.234799015418773, 39.820080720058989 ], [ -0.234794211825297, 39.820081213542437 ], [ -0.234790411927841, 39.820081730964453 ], [ -0.234040932662504, 39.819458634130619 ], [ -0.233639976774567, 39.818648574201525 ], [ -0.233358674146818, 39.818164532976695 ], [ -0.233124155221219, 39.817969572880671 ] ] ] ] } },
{ "type": "Feature", "properties": { "CUSEC": "1212602009", "CUMUN": "12126", "CSEC": "009", "CDIS": "02", "CMUN": "126", "CPRO": "12", "CCA": "10", "CUDIS": "1212602", "CLAU2": "12126", "NPRO": "Castellón/Castelló", "NCA": "Comunitat Valenciana", "CNUT0": "ES", "CNUT1": "5", "CNUT2": "2", "CNUT3": "2", "NMUN": "Vall d'Uixó, la" }, "geometry": { "type": "MultiPolygon", "coordinates": [ [ [ [ -0.234348935085372, 39.829460440678702 ], [ -0.234348141830305, 39.829458139085808 ], [ -0.234838859177369, 39.829363247298964 ], [ -0.235200546900791, 39.829286070780462 ], [ -0.235524981714571, 39.829212771029148 ], [ -0.236004978726977, 39.829114579268392 ], [ -0.235803248210347, 39.828594950925357 ], [ -0.235512627173535, 39.827825328435786 ], [ -0.235051672366755, 39.827832096297797 ], [ -0.235628995245268, 39.827704227400638 ], [ -0.235636574734082, 39.827702525422396 ], [ -0.236496878432366, 39.827512768797362 ], [ -0.237614513223779, 39.827267372083796 ], [ -0.237804298300648, 39.827225607303383 ], [ -0.23865820455626, 39.827035258663358 ], [ -0.239522806606023, 39.826856058235229 ], [ -0.240665228564482, 39.82663169669209 ], [ -0.240634568894143, 39.82684153220422 ], [ -0.240491564691079, 39.827152695783845 ], [ -0.240204850616979, 39.827384941619442 ], [ -0.240143360852643, 39.827698046037646 ], [ -0.240136820343192, 39.827861465289097 ], [ -0.240298344756619, 39.827903060024539 ], [ -0.240670806751898, 39.827974840497212 ], [ -0.240944443417397, 39.828069434051116 ], [ -0.240934383089757, 39.828320849733707 ], [ -0.240709861461257, 39.82863007345513 ], [ -0.240902690416831, 39.829112807699232 ], [ -0.241473528822082, 39.829529042805099 ], [ -0.241957111981463, 39.829678962547909 ], [ -0.242140688508246, 39.829985316193856 ], [ -0.242224935688041, 39.830327054612717 ], [ -0.24237993141352, 39.830532066147725 ], [ -0.242415266660647, 39.830872640959498 ], [ -0.242248918095956, 39.831359409706614 ], [ -0.242320382579695, 39.831612765622964 ], [ -0.242556901591972, 39.831819717013424 ], [ -0.24253104406922, 39.832058172604384 ], [ -0.242709387649901, 39.83208758150402 ], [ -0.243035977999232, 39.832082767858715 ], [ -0.243295842660416, 39.832114114497813 ], [ -0.24359657312386, 39.832347760404112 ], [ -0.243693096605744, 39.832790461390928 ], [ -0.243976014279103, 39.833061433378695 ], [ -0.244033947255348, 39.833153048202036 ], [ -0.244026645645559, 39.833427544659692 ], [ -0.244150041237057, 39.833606641006597 ], [ -0.244398846392693, 39.833914548914215 ], [ -0.24469958590338, 39.83414819313473 ], [ -0.245015123791304, 39.834419937918028 ], [ -0.245331166788857, 39.834679109439946 ], [ -0.245485168759966, 39.83490926392227 ], [ -0.245607061914379, 39.835126071802016 ], [ -0.245480355340445, 39.835437635688514 ], [ -0.24529295149721, 39.835634509977346 ], [ -0.245273126397436, 39.835722119901035 ], [ -0.245597222682383, 39.835780154825308 ], [ -0.246405451203459, 39.83597552086276 ], [ -0.246678621771509, 39.836082674517762 ], [ -0.247078720671479, 39.83628092278812 ], [ -0.247313253627384, 39.836538153359591 ], [ -0.247531481122535, 39.836794996324784 ], [ -0.247775288461644, 39.837228608240444 ], [ -0.248015081682297, 39.837762787101781 ], [ -0.248107389955427, 39.837903392573025 ], [ -0.248181383871656, 39.838093893703793 ], [ -0.248489187808624, 39.838151533006851 ], [ -0.248702169748129, 39.838131422697572 ], [ -0.248919671718986, 39.837998172988563 ], [ -0.249425392587943, 39.838412831509302 ], [ -0.24951569713798, 39.838603718818163 ], [ -0.249928609351387, 39.838890342454206 ], [ -0.25054698191454, 39.839345417265129 ], [ -0.250738642643806, 39.839450627361664 ], [ -0.25071531014972, 39.839626235193428 ], [ -0.250368099954673, 39.840146484639462 ], [ -0.25033046748749, 39.840271421809966 ], [ -0.250441098734153, 39.840362127792204 ], [ -0.250719313652977, 39.840343560146657 ], [ -0.250896677049335, 39.840398099546242 ], [ -0.251015083651656, 39.84070289929803 ], [ -0.251054468837732, 39.840942909307188 ], [ -0.250946590974082, 39.841192010684232 ], [ -0.251176893435841, 39.841147140522288 ], [ -0.251151051871846, 39.841385604702694 ], [ -0.251363540627662, 39.841378060522359 ], [ -0.251353504033077, 39.841629482109283 ], [ -0.251647277553208, 39.842039103707322 ], [ -0.251650538634929, 39.842366338075536 ], [ -0.251732073262549, 39.842368271093953 ], [ -0.252063984517473, 39.8426403834087 ], [ -0.252396901295744, 39.842887351585127 ], [ -0.252618179002749, 39.843068758133612 ], [ -0.252856266829729, 39.843237980016553 ], [ -0.252847740293847, 39.843451687856607 ], [ -0.252803086257324, 39.843752621447202 ], [ -0.252791549937818, 39.844041756338612 ], [ -0.252852767872174, 39.844143870739472 ], [ -0.252645540399087, 39.844428367005499 ], [ -0.252539670119184, 39.844627185074678 ], [ -0.25264429172621, 39.844868741545611 ], [ -0.252629243136658, 39.845245873227029 ], [ -0.252619209748035, 39.84549729581321 ], [ -0.252660608055339, 39.845687021567286 ], [ -0.25278103837511, 39.845941534280719 ], [ -0.252776021831845, 39.846067246026323 ], [ -0.252795093159153, 39.846407437545246 ], [ -0.252732123236347, 39.846758268244287 ], [ -0.252655352505903, 39.847045856947304 ], [ -0.252495534870924, 39.84736922598735 ], [ -0.252251163109391, 39.847766088001592 ], [ -0.252191199312969, 39.848041492106574 ], [ -0.252080803808178, 39.848353449393436 ], [ -0.252072774864186, 39.848554587088316 ], [ -0.252080050422682, 39.848781252793017 ], [ -0.252109921220994, 39.849165188103768 ], [ -0.250608266973439, 39.850049832615774 ], [ -0.247491277225067, 39.851426219902102 ], [ -0.246398557704309, 39.85215692460261 ], [ -0.245983560024659, 39.852597478636945 ], [ -0.245496380219784, 39.852725596748435 ], [ -0.236033103406949, 39.833671249256575 ], [ -0.235984622889314, 39.833572352109755 ], [ -0.235932326927013, 39.833465926832858 ], [ -0.235876490540093, 39.833355837273473 ], [ -0.235834372132135, 39.833268892450668 ], [ -0.235772710258654, 39.833143132967344 ], [ -0.235697135204622, 39.832991853971507 ], [ -0.235627622998775, 39.832851827463344 ], [ -0.235585000710095, 39.832766681176047 ], [ -0.235548141079286, 39.83269298293925 ], [ -0.235517642353564, 39.83263137219086 ], [ -0.235513527640896, 39.832622973047982 ], [ -0.235496131173221, 39.832587875876705 ], [ -0.23545046058605, 39.832495279163581 ], [ -0.235404527898065, 39.832401937512842 ], [ -0.235404081982, 39.832401111640209 ], [ -0.235370584549184, 39.832336812471191 ], [ -0.235348891676491, 39.832295373765596 ], [ -0.235293460213088, 39.832200310192377 ], [ -0.235256822731474, 39.832119866443797 ], [ -0.235241814985992, 39.832069328557338 ], [ -0.235235410848041, 39.83204766433343 ], [ -0.235228814039452, 39.832029462756346 ], [ -0.235224446795623, 39.832013089860105 ], [ -0.235221346324259, 39.831993828529562 ], [ -0.235214649494582, 39.831960239523681 ], [ -0.235209130660898, 39.831936749738041 ], [ -0.235200348126214, 39.831902872273297 ], [ -0.235193169699992, 39.831880122113589 ], [ -0.23518377470749, 39.831847094824738 ], [ -0.23517273675741, 39.831819343168632 ], [ -0.235123545814918, 39.83169980182695 ], [ -0.235132508002826, 39.831650574263129 ], [ -0.234985716472094, 39.831284646019469 ], [ -0.234982975539131, 39.831277829027478 ], [ -0.234860415861157, 39.830925927754343 ], [ -0.234733284509284, 39.830561500447317 ], [ -0.234605275822777, 39.830193898310817 ], [ -0.234513277432654, 39.829929658952963 ], [ -0.23447720205126, 39.829832753330933 ], [ -0.234348935085372, 39.829460440678702 ] ] ] ] } },
{ "type": "Feature", "properties": { "CUSEC": "1212602011", "CUMUN": "12126", "CSEC": "011", "CDIS": "02", "CMUN": "126", "CPRO": "12", "CCA": "10", "CUDIS": "1212602", "CLAU2": "12126", "NPRO": "Castellón/Castelló", "NCA": "Comunitat Valenciana", "CNUT0": "ES", "CNUT1": "5", "CNUT2": "2", "CNUT3": "2", "NMUN": "Vall d'Uixó, la" }, "geometry": { "type": "MultiPolygon", "coordinates": [ [ [ [ -0.234348935085372, 39.829460440678702 ], [ -0.23447720205126, 39.829832753330933 ], [ -0.234513277432654, 39.829929658952963 ], [ -0.234605275822777, 39.830193898310817 ], [ -0.234733284509284, 39.830561500447317 ], [ -0.234860415861157, 39.830925927754343 ], [ -0.234982975539131, 39.831277829027478 ], [ -0.234985716472094, 39.831284646019469 ], [ -0.235132508002826, 39.831650574263129 ], [ -0.235123545814918, 39.83169980182695 ], [ -0.23517273675741, 39.831819343168632 ], [ -0.23518377470749, 39.831847094824738 ], [ -0.235193169699992, 39.831880122113589 ], [ -0.235200348126214, 39.831902872273297 ], [ -0.235209130660898, 39.831936749738041 ], [ -0.235214649494582, 39.831960239523681 ], [ -0.235221346324259, 39.831993828529562 ], [ -0.235224446795623, 39.832013089860105 ], [ -0.235228814039452, 39.832029462756346 ], [ -0.235235410848041, 39.83204766433343 ], [ -0.235241814985992, 39.832069328557338 ], [ -0.235256822731474, 39.832119866443797 ], [ -0.235293460213088, 39.832200310192377 ], [ -0.235348891676491, 39.832295373765596 ], [ -0.235370584549184, 39.832336812471191 ], [ -0.235404081982, 39.832401111640209 ], [ -0.235404527898065, 39.832401937512842 ], [ -0.23545046058605, 39.832495279163581 ], [ -0.235496131173221, 39.832587875876705 ], [ -0.235513527640896, 39.832622973047982 ], [ -0.235517642353564, 39.83263137219086 ], [ -0.235548141079286, 39.83269298293925 ], [ -0.235585000710095, 39.832766681176047 ], [ -0.235627622998775, 39.832851827463344 ], [ -0.235697135204622, 39.832991853971507 ], [ -0.235772710258654, 39.833143132967344 ], [ -0.235834372132135, 39.833268892450668 ], [ -0.235876490540093, 39.833355837273473 ], [ -0.235932326927013, 39.833465926832858 ], [ -0.235984622889314, 39.833572352109755 ], [ -0.236033103406949, 39.833671249256575 ], [ -0.245496380219784, 39.852725596748435 ], [ -0.242842055264615, 39.853423571171149 ], [ -0.241979268366392, 39.853087911852889 ], [ -0.240975719112855, 39.85275772020394 ], [ -0.240975509365604, 39.852757850333703 ], [ -0.240975001730666, 39.852757685112458 ], [ -0.24005175423236, 39.853339267256345 ], [ -0.239955096108153, 39.854291853351747 ], [ -0.239969174209474, 39.854814651855854 ], [ -0.240264238232978, 39.855326152185768 ], [ -0.24085709216914, 39.855988879003135 ], [ -0.242752083279664, 39.857700528149543 ], [ -0.242904154604472, 39.858280679198472 ], [ -0.242847865698173, 39.858810819773865 ], [ -0.24120451976489, 39.860149966144114 ], [ -0.241225173132039, 39.861141416797771 ], [ -0.241232493234481, 39.861492898446343 ], [ -0.239533746057747, 39.863046943896656 ], [ -0.239210136367455, 39.863543280036694 ], [ -0.236825392571008, 39.861522993859325 ], [ -0.235980794127405, 39.861016405496024 ], [ -0.230494660219682, 39.861119491628635 ], [ -0.229258296889683, 39.861053881312763 ], [ -0.228319332906198, 39.860860253406578 ], [ -0.227616788275892, 39.860600204452545 ], [ -0.226726756211324, 39.860641928944027 ], [ -0.225681834491301, 39.861149270283235 ], [ -0.225735103596673, 39.860302031186549 ], [ -0.225521891904912, 39.859559329670141 ], [ -0.225300203011297, 39.858937824507287 ], [ -0.225205238374481, 39.858436337481344 ], [ -0.225289248179279, 39.857808708100663 ], [ -0.225409705962156, 39.857123484757423 ], [ -0.225665661571385, 39.856697914269702 ], [ -0.226125955703583, 39.856331273968649 ], [ -0.226566950943868, 39.856040546275061 ], [ -0.226975084617152, 39.855641143093507 ], [ -0.227324084057728, 39.855258305921396 ], [ -0.227589099392115, 39.854954360908053 ], [ -0.22797797782217, 39.854630922903205 ], [ -0.228347816201368, 39.854369977060784 ], [ -0.22924368834799, 39.853689985308066 ], [ -0.229582189222786, 39.853380608971271 ], [ -0.229472292375857, 39.853044953541229 ], [ -0.229493445438619, 39.852837964946318 ], [ -0.229326072910517, 39.852537538351008 ], [ -0.229435589092703, 39.852046123982319 ], [ -0.229460317413415, 39.851750293440091 ], [ -0.22971278048743, 39.851529077428438 ], [ -0.229867161443145, 39.851196825699226 ], [ -0.229742978392614, 39.850778864935357 ], [ -0.229880485252616, 39.850228834575262 ], [ -0.230142872904616, 39.849760835397788 ], [ -0.230279674900502, 39.849546731611142 ], [ -0.230567668914248, 39.849079344107103 ], [ -0.23065602310228, 39.848794916052157 ], [ -0.230670321154516, 39.848439551515384 ], [ -0.230611754855833, 39.847983638620981 ], [ -0.230581281128214, 39.847785295440751 ], [ -0.230804936586943, 39.847642432206136 ], [ -0.231075050224324, 39.847619247907943 ], [ -0.231347942693933, 39.847526963951069 ], [ -0.23156554026915, 39.847215982437277 ], [ -0.231579832832793, 39.846860617530062 ], [ -0.231300887321569, 39.846784784504813 ], [ -0.231100760977246, 39.846661432010237 ], [ -0.230879789301021, 39.846419011569026 ], [ -0.230684829223756, 39.846167332005997 ], [ -0.230553403469119, 39.845610868036452 ], [ -0.230600855527021, 39.84506856306345 ], [ -0.230943224533783, 39.844523427609673 ], [ -0.23111276909198, 39.844132251508945 ], [ -0.230906993315754, 39.843830910597696 ], [ -0.230539219737004, 39.843733190942181 ], [ -0.230419905562126, 39.843512962154534 ], [ -0.230326995707241, 39.843273602953971 ], [ -0.230182471364686, 39.843042890550969 ], [ -0.229835847934015, 39.842738179589297 ], [ -0.22949637975999, 39.842255785438844 ], [ -0.229328633154588, 39.841965232589054 ], [ -0.229172103073946, 39.841714470832493 ], [ -0.229067190475037, 39.84145506167345 ], [ -0.229055885201042, 39.841099085956266 ], [ -0.229024928307675, 39.840594428575287 ], [ -0.228819568627384, 39.840283213829323 ], [ -0.228590986140154, 39.839912158231691 ], [ -0.228323596360994, 39.839550055371156 ], [ -0.228330748542462, 39.83937237225927 ], [ -0.228432300617954, 39.83907838091995 ], [ -0.228645510670274, 39.838875986398961 ], [ -0.229237282778298, 39.838820976562666 ], [ -0.229665380299794, 39.838692885095341 ], [ -0.230058239436848, 39.838484902628977 ], [ -0.230072535315025, 39.838129538539071 ], [ -0.229916407288004, 39.83786890629284 ], [ -0.229653482476775, 39.837714407719616 ], [ -0.229639391677542, 39.837427529861678 ], [ -0.229942617233643, 39.837217403805028 ], [ -0.230335866046503, 39.836999549429606 ], [ -0.230371399759332, 39.836753380467755 ], [ -0.230753823575125, 39.836485861683713 ], [ -0.231056171494713, 39.836290317457042 ], [ -0.231343485175724, 39.836164009449845 ], [ -0.231483428411009, 39.835870932003935 ], [ -0.231651754820789, 39.835509366650086 ], [ -0.23159488029092, 39.835330154168972 ], [ -0.231462375655129, 39.835119492377686 ], [ -0.23113861403731, 39.834884497744326 ], [ -0.23108610713202, 39.834596701444866 ], [ -0.231112007803591, 39.834271255491053 ], [ -0.231101086530209, 39.833905406761083 ], [ -0.23081931362446, 39.833582489234288 ], [ -0.230432340731267, 39.83332622064372 ], [ -0.230184615172906, 39.833112802896565 ], [ -0.230192157656759, 39.832925249541653 ], [ -0.230028003237736, 39.83254585756864 ], [ -0.229924687751377, 39.832246964761893 ], [ -0.22982414129875, 39.831878978808653 ], [ -0.229766760982028, 39.831393459798655 ], [ -0.229982314561931, 39.831131838336013 ], [ -0.230088592460605, 39.83071939616589 ], [ -0.230006509891457, 39.830529703134964 ], [ -0.229690015154051, 39.830433211090899 ], [ -0.229451128637262, 39.830318813526048 ], [ -0.229236659495634, 39.830234641298659 ], [ -0.228897339778156, 39.830068436955443 ], [ -0.228724453728231, 39.82990621386962 ], [ -0.228822403587029, 39.829701065878773 ], [ -0.228931719994792, 39.82944256572204 ], [ -0.228957346419717, 39.829417151888627 ], [ -0.228958908571094, 39.829378272183348 ], [ -0.228964765596681, 39.829232549380478 ], [ -0.228806429617983, 39.829133438541334 ], [ -0.228612657043148, 39.829146698502619 ], [ -0.228323521759097, 39.829032486488501 ], [ -0.228042041766684, 39.828727767618631 ], [ -0.227966949765914, 39.82848161594174 ], [ -0.227991284391224, 39.828451282703746 ], [ -0.228288063764496, 39.828501549203224 ], [ -0.228444842002745, 39.828548988732841 ], [ -0.22896297112309, 39.828686702159111 ], [ -0.229272553495259, 39.82875653611864 ], [ -0.229508416191478, 39.828786543579291 ], [ -0.229513271074707, 39.828787231617248 ], [ -0.229520854094641, 39.828790272923122 ], [ -0.22981685188411, 39.82891123540719 ], [ -0.230152035692318, 39.828882297145789 ], [ -0.230169757364942, 39.828880725243621 ], [ -0.230296651032795, 39.828862062548779 ], [ -0.230568633716746, 39.828822071690624 ], [ -0.230649784604983, 39.828805657902144 ], [ -0.231194111823864, 39.828695150251079 ], [ -0.231238770543515, 39.828685241281946 ], [ -0.231268612756019, 39.828678663682453 ], [ -0.231424443212628, 39.829095850805849 ], [ -0.23157011470818, 39.829471142283744 ], [ -0.231777609571187, 39.830000448617803 ], [ -0.231777226993137, 39.830009972819568 ], [ -0.231976985631166, 39.829962307808778 ], [ -0.232232526843706, 39.829911207108864 ], [ -0.232463360528412, 39.829859515118862 ], [ -0.232668914124769, 39.829821520579721 ], [ -0.233629113425756, 39.829620396716614 ], [ -0.234348935085372, 39.829460440678702 ] ] ] ] } },
{ "type": "Feature", "properties": { "CUSEC": "1212602012", "CUMUN": "12126", "CSEC": "012", "CDIS": "02", "CMUN": "126", "CPRO": "12", "CCA": "10", "CUDIS": "1212602", "CLAU2": "12126", "NPRO": "Castellón/Castelló", "NCA": "Comunitat Valenciana", "CNUT0": "ES", "CNUT1": "5", "CNUT2": "2", "CNUT3": "2", "NMUN": "Vall d'Uixó, la" }, "geometry": { "type": "MultiPolygon", "coordinates": [ [ [ [ -0.229643879243516, 39.821998295449454 ], [ -0.229679140873555, 39.821580317669827 ], [ -0.229684096667383, 39.821521360519938 ], [ -0.229741218117508, 39.821118975692954 ], [ -0.229741904317111, 39.821113789871653 ], [ -0.22975139916277, 39.821046532046289 ], [ -0.229760810956358, 39.820980177555874 ], [ -0.229782452269484, 39.820808453954207 ], [ -0.229814309775001, 39.820620413827456 ], [ -0.229832071055981, 39.820428342627217 ], [ -0.22983554735117, 39.820158446324861 ], [ -0.231567500478202, 39.820415874938554 ], [ -0.23139160945965, 39.822091575291019 ], [ -0.23042506125767, 39.822036598171771 ], [ -0.230353357315123, 39.82203252419842 ], [ -0.229736005436369, 39.821999132967413 ], [ -0.229643879243516, 39.821998295449454 ] ] ] ] } },
{ "type": "Feature", "properties": { "CUSEC": "1212603001", "CUMUN": "12126", "CSEC": "001", "CDIS": "03", "CMUN": "126", "CPRO": "12", "CCA": "10", "CUDIS": "1212603", "CLAU2": "12126", "NPRO": "Castellón/Castelló", "NCA": "Comunitat Valenciana", "CNUT0": "ES", "CNUT1": "5", "CNUT2": "2", "CNUT3": "2", "NMUN": "Vall d'Uixó, la" }, "geometry": { "type": "MultiPolygon", "coordinates": [ [ [ [ -0.237117243013518, 39.824183376654915 ], [ -0.236770844212539, 39.82424214277659 ], [ -0.236581060186805, 39.824281743120423 ], [ -0.236553167948229, 39.824287591193468 ], [ -0.236116288270261, 39.824391350086849 ], [ -0.236095212314237, 39.82440988551226 ], [ -0.235989831943828, 39.824133149969363 ], [ -0.235975897397018, 39.824104815847676 ], [ -0.23596159935206, 39.824075932567659 ], [ -0.235960293257153, 39.824073834052939 ], [ -0.235862826645572, 39.82391502750518 ], [ -0.23584395004574, 39.823896462010602 ], [ -0.235819316512851, 39.823872295796896 ], [ -0.235724996505299, 39.823782913585866 ], [ -0.235635358447614, 39.823736720924394 ], [ -0.2356324716699, 39.823736021520176 ], [ -0.235591804772217, 39.823722638591342 ], [ -0.235562101842945, 39.823705620143329 ], [ -0.235472625019612, 39.823635167685751 ], [ -0.23545293100412, 39.823619073397168 ], [ -0.235432461022082, 39.823602257063499 ], [ -0.235398864933092, 39.823574796248472 ], [ -0.235381438316481, 39.823560746822537 ], [ -0.235352275623827, 39.823475297098923 ], [ -0.235327020903511, 39.823373708730529 ], [ -0.235299444345708, 39.823301174902383 ], [ -0.235264454340662, 39.823213226051898 ], [ -0.235529209487478, 39.823197734182024 ], [ -0.235573153456181, 39.823054034151198 ], [ -0.235582596869533, 39.822911574337368 ], [ -0.235583498943147, 39.822897353922038 ], [ -0.235599168403969, 39.822670109879461 ], [ -0.235602551790002, 39.822646481035747 ], [ -0.235609188287739, 39.822618173442365 ], [ -0.23561903844662, 39.822558670593757 ], [ -0.235620290428374, 39.822527451085328 ], [ -0.235587058868977, 39.822208250333823 ], [ -0.235577802463344, 39.82214539577673 ], [ -0.23555534346397, 39.822034978529665 ], [ -0.235501919497157, 39.82177057043257 ], [ -0.235503289040847, 39.821731584173762 ], [ -0.235505317155065, 39.821697761790915 ], [ -0.23559264668979, 39.821708349625354 ], [ -0.236734088026664, 39.821874362983841 ], [ -0.236638155598963, 39.822219246231441 ], [ -0.236700829243039, 39.822246936721044 ], [ -0.236755063376836, 39.822263119866854 ], [ -0.236913466256965, 39.822296060908386 ], [ -0.236924662558044, 39.822298396022738 ], [ -0.236953048628226, 39.82229813117673 ], [ -0.23707918832447, 39.822296765637311 ], [ -0.237120641560835, 39.822296316705945 ], [ -0.237547460236221, 39.822256992832855 ], [ -0.237626519163827, 39.8222458741499 ], [ -0.237656352277527, 39.822241712439926 ], [ -0.237913478967843, 39.822209930289517 ], [ -0.238005654487534, 39.822198731979135 ], [ -0.238049985722545, 39.822197041487925 ], [ -0.23821785460616, 39.822176377879437 ], [ -0.238232987622545, 39.822174783592331 ], [ -0.238739250783369, 39.822114675055666 ], [ -0.238837525955166, 39.822101684595154 ], [ -0.239042940733811, 39.822074275934234 ], [ -0.239101756619594, 39.822064570386708 ], [ -0.239266560023134, 39.822035549226804 ], [ -0.239623624344158, 39.821987434765816 ], [ -0.23966803135696, 39.821981484587091 ], [ -0.239884059146694, 39.821963844251954 ], [ -0.2400849044618, 39.821982297304366 ], [ -0.240039373985318, 39.822131330283788 ], [ -0.24000787948395, 39.822276255445679 ], [ -0.239945707988121, 39.822276545488442 ], [ -0.239926861251097, 39.822338504594633 ], [ -0.239920779486454, 39.822409168619103 ], [ -0.239920334288231, 39.822414306196123 ], [ -0.239899409819228, 39.8224290994402 ], [ -0.239890170178712, 39.822479428882829 ], [ -0.239867198262298, 39.822504654396106 ], [ -0.239850372608827, 39.822536412130319 ], [ -0.239832302210527, 39.822570663419107 ], [ -0.239817634911429, 39.822732646153554 ], [ -0.239816693894174, 39.822747861088232 ], [ -0.239814723668882, 39.822779122114568 ], [ -0.23981711951285, 39.822862716518955 ], [ -0.239818750883906, 39.82287463714848 ], [ -0.239831118963643, 39.822962432565994 ], [ -0.239834285535052, 39.822991009837835 ], [ -0.239855187658948, 39.822991250730205 ], [ -0.239852367183589, 39.823037764884369 ], [ -0.239745629793394, 39.823063693153848 ], [ -0.23972739406886, 39.823128325078123 ], [ -0.239674847621044, 39.823173879620619 ], [ -0.239671370793977, 39.823278674578546 ], [ -0.239493054194036, 39.823275737798092 ], [ -0.23966683699796, 39.823408725826454 ], [ -0.239668090659361, 39.823409656492878 ], [ -0.239668872997235, 39.823410395773948 ], [ -0.239744658945169, 39.82343219919688 ], [ -0.239722649822826, 39.823576792468003 ], [ -0.23983657580829, 39.823599688553074 ], [ -0.239863995503149, 39.823605657073244 ], [ -0.239877805480398, 39.823740014055907 ], [ -0.239917840670968, 39.823865943059644 ], [ -0.240411243878501, 39.82391687760321 ], [ -0.240451221290356, 39.823934378093128 ], [ -0.240736295409162, 39.824059271224712 ], [ -0.241031781056177, 39.824191870203599 ], [ -0.240884972031505, 39.824352072203105 ], [ -0.240797112857686, 39.82444788574854 ], [ -0.240792542953002, 39.824477148159019 ], [ -0.24062005672007, 39.824497170462827 ], [ -0.239369152433911, 39.824588623971771 ], [ -0.239333545998769, 39.824591208230245 ], [ -0.238072392613708, 39.824691147866808 ], [ -0.238017232829242, 39.82469803933099 ], [ -0.237915103667706, 39.824459500118451 ], [ -0.237860726125244, 39.824271280436221 ], [ -0.237815264347509, 39.824125615179312 ], [ -0.237446922384369, 39.824153839886918 ], [ -0.237144644570408, 39.824179013009427 ], [ -0.237117243013518, 39.824183376654915 ] ] ] ] } },
{ "type": "Feature", "properties": { "CUSEC": "1212603002", "CUMUN": "12126", "CSEC": "002", "CDIS": "03", "CMUN": "126", "CPRO": "12", "CCA": "10", "CUDIS": "1212603", "CLAU2": "12126", "NPRO": "Castellón/Castelló", "NCA": "Comunitat Valenciana", "CNUT0": "ES", "CNUT1": "5", "CNUT2": "2", "CNUT3": "2", "NMUN": "Vall d'Uixó, la" }, "geometry": { "type": "MultiPolygon", "coordinates": [ [ [ [ -0.237117243013518, 39.824183376654915 ], [ -0.237144644570408, 39.824179013009427 ], [ -0.237446922384369, 39.824153839886918 ], [ -0.237815264347509, 39.824125615179312 ], [ -0.237860726125244, 39.824271280436221 ], [ -0.237915103667706, 39.824459500118451 ], [ -0.238017232829242, 39.82469803933099 ], [ -0.238072392613708, 39.824691147866808 ], [ -0.239333545998769, 39.824591208230245 ], [ -0.239369152433911, 39.824588623971771 ], [ -0.24062005672007, 39.824497170462827 ], [ -0.240792542953002, 39.824477148159019 ], [ -0.240794661581006, 39.824476901311229 ], [ -0.240801354126545, 39.824477060589793 ], [ -0.241100776622579, 39.824555568894112 ], [ -0.241193737103195, 39.824579847457628 ], [ -0.241205705028949, 39.824578416187322 ], [ -0.241294576135249, 39.824602151455117 ], [ -0.241317878539941, 39.824633185116042 ], [ -0.241962653548909, 39.825645870961324 ], [ -0.241780147319066, 39.825982050896819 ], [ -0.241201415512122, 39.826148413711209 ], [ -0.240897974672405, 39.826292193975483 ], [ -0.240842912772747, 39.826363475957699 ], [ -0.240813508221107, 39.826523153241133 ], [ -0.240797858808572, 39.826605651521575 ], [ -0.24077538490963, 39.826610062136453 ], [ -0.240665228564482, 39.82663169669209 ], [ -0.239522806606023, 39.826856058235229 ], [ -0.23865820455626, 39.827035258663358 ], [ -0.237804298300648, 39.827225607303383 ], [ -0.237614513223779, 39.827267372083796 ], [ -0.236496878432366, 39.827512768797362 ], [ -0.235636574734082, 39.827702525422396 ], [ -0.235658153820726, 39.827662008651856 ], [ -0.236109552007642, 39.826828823471338 ], [ -0.236408809794761, 39.826256136585357 ], [ -0.236411337396616, 39.826251490067357 ], [ -0.236669942146907, 39.825693641779466 ], [ -0.236710347919953, 39.82568486791947 ], [ -0.2367631659433, 39.825673173967076 ], [ -0.236858320899623, 39.825481492314253 ], [ -0.237074462647956, 39.825064779940313 ], [ -0.237044047217551, 39.824964058945433 ], [ -0.237043076985516, 39.824921346084018 ], [ -0.237042078765859, 39.82487350239996 ], [ -0.2371131993328, 39.824215065636452 ], [ -0.237117243013518, 39.824183376654915 ] ] ] ] } },
{ "type": "Feature", "properties": { "CUSEC": "1212603003", "CUMUN": "12126", "CSEC": "003", "CDIS": "03", "CMUN": "126", "CPRO": "12", "CCA": "10", "CUDIS": "1212603", "CLAU2": "12126", "NPRO": "Castellón/Castelló", "NCA": "Comunitat Valenciana", "CNUT0": "ES", "CNUT1": "5", "CNUT2": "2", "CNUT3": "2", "NMUN": "Vall d'Uixó, la" }, "geometry": { "type": "MultiPolygon", "coordinates": [ [ [ [ -0.2402230736124, 39.819035428572306 ], [ -0.239976636816577, 39.818721991247102 ], [ -0.240160341998001, 39.81857178564497 ], [ -0.240432780035227, 39.818328420275797 ], [ -0.240902806984142, 39.817961453814249 ], [ -0.241165952993811, 39.817731370595567 ], [ -0.241275788578125, 39.817612434809035 ], [ -0.24142735222347, 39.817478245482739 ], [ -0.241439192778555, 39.817467762417103 ], [ -0.241445379122974, 39.817465403529184 ], [ -0.241757510479086, 39.817243055870584 ], [ -0.241764953113043, 39.817225294921705 ], [ -0.241982572628781, 39.817045908465474 ], [ -0.241776795777088, 39.816868648731202 ], [ -0.241714892963388, 39.816912684536291 ], [ -0.241527410210204, 39.816794583981334 ], [ -0.241331059749179, 39.81666836114016 ], [ -0.241097559236851, 39.816595275183452 ], [ -0.240806981036508, 39.816635628098233 ], [ -0.240433082841014, 39.816788793034092 ], [ -0.240040606493379, 39.816968526446189 ], [ -0.239846959235732, 39.816774836481073 ], [ -0.239654605428158, 39.816870520889431 ], [ -0.239260842500357, 39.816377344531773 ], [ -0.238841228997294, 39.816054969837289 ], [ -0.236310949813362, 39.815159072554572 ], [ -0.233944828914178, 39.814980599445008 ], [ -0.233942990684249, 39.81496076010972 ], [ -0.233924113800103, 39.81475032452586 ], [ -0.233897859813596, 39.814466088157467 ], [ -0.233871205111415, 39.814150030716995 ], [ -0.233802497298099, 39.813276817306637 ], [ -0.233796215627615, 39.813209052008105 ], [ -0.233789495513831, 39.813128601733197 ], [ -0.233777686241334, 39.8130567950017 ], [ -0.233752547649684, 39.812960595878657 ], [ -0.233722492704569, 39.812906004460601 ], [ -0.233666904842583, 39.812841364164676 ], [ -0.233606568800497, 39.812793932389745 ], [ -0.233537325306597, 39.812752463159491 ], [ -0.233534203054755, 39.812751559908406 ], [ -0.233487552815421, 39.812730263068254 ], [ -0.2334167435138, 39.812703980236719 ], [ -0.233310685551978, 39.812666857168679 ], [ -0.233281630678005, 39.81265634943199 ], [ -0.233237937378021, 39.812639991975971 ], [ -0.233165183251396, 39.81261589661252 ], [ -0.233072039866402, 39.812588175276787 ], [ -0.232992899837368, 39.812566936143732 ], [ -0.232868342347743, 39.812538923458661 ], [ -0.232816787243624, 39.81252535181558 ], [ -0.232802903494842, 39.81252203334374 ], [ -0.232724403158345, 39.812501448876908 ], [ -0.232646609507673, 39.812481273080422 ], [ -0.23255606932121, 39.812443560333641 ], [ -0.232393300636401, 39.812369864409391 ], [ -0.232190451964063, 39.812287532003204 ], [ -0.232187844310722, 39.812274943875039 ], [ -0.232153458689254, 39.812241300802533 ], [ -0.233311740913147, 39.809957607457697 ], [ -0.233523414442357, 39.809674232240496 ], [ -0.233499276099697, 39.8096415015697 ], [ -0.23365568122499, 39.809437019865356 ], [ -0.233840832446528, 39.809218450310077 ], [ -0.2346432127973, 39.808286289140987 ], [ -0.235389613793954, 39.80743008663638 ], [ -0.235952689008836, 39.806786112789723 ], [ -0.236012169790044, 39.806715195810114 ], [ -0.236361342503959, 39.806503871162739 ], [ -0.236753952070982, 39.806121565496376 ], [ -0.237146453373281, 39.805609299089085 ], [ -0.237598190994723, 39.805071476480329 ], [ -0.238389744254717, 39.804289957736458 ], [ -0.239166497305859, 39.803651963531671 ], [ -0.239717521194209, 39.80313896446544 ], [ -0.240422021662191, 39.802584727514216 ], [ -0.241103601278847, 39.802002918831015 ], [ -0.241828110730274, 39.801336648252068 ], [ -0.242527379328594, 39.800750766409308 ], [ -0.243072652231384, 39.800228625504211 ], [ -0.243664594186562, 39.799721118017175 ], [ -0.244475241702229, 39.799142407097037 ], [ -0.245012740525911, 39.798710014449661 ], [ -0.245925349227619, 39.798025775425387 ], [ -0.246397636143573, 39.797623315454672 ], [ -0.247107442409599, 39.797091635947062 ], [ -0.247729514305721, 39.796544289663203 ], [ -0.24800755989942, 39.79616416309149 ], [ -0.248197194303406, 39.795799909138402 ], [ -0.248436338687635, 39.795315439329727 ], [ -0.248846082618386, 39.794533687843753 ], [ -0.249171842763428, 39.794118721304208 ], [ -0.249782578825217, 39.793548676519038 ], [ -0.251904326712561, 39.792308588282125 ], [ -0.252517482574002, 39.791900478270293 ], [ -0.253634581143805, 39.791257033174567 ], [ -0.254549426352723, 39.79073916768963 ], [ -0.255196375332033, 39.790399305869109 ], [ -0.255842391109472, 39.790104365790832 ], [ -0.256541745295622, 39.789783749294443 ], [ -0.257111491499716, 39.789487009272264 ], [ -0.258021570495094, 39.789193894730531 ], [ -0.258593153452647, 39.788807239750895 ], [ -0.259177488778147, 39.788371400056782 ], [ -0.260041352005448, 39.78776234316517 ], [ -0.260723840777326, 39.787405290963839 ], [ -0.261694444595121, 39.787023633785743 ], [ -0.262752456028482, 39.786671025688307 ], [ -0.26350248934795, 39.786450523613105 ], [ -0.264537406066861, 39.786079345591112 ], [ -0.26551079657184, 39.785846128245616 ], [ -0.266495754823504, 39.785617698357335 ], [ -0.267740075500152, 39.785336903868767 ], [ -0.269032726411471, 39.78498980358043 ], [ -0.27000054052198, 39.784738431792825 ], [ -0.271197834154251, 39.784460974313212 ], [ -0.272106582697632, 39.784226179874182 ], [ -0.273132797515527, 39.783989695717786 ], [ -0.274146753924064, 39.78377532593143 ], [ -0.275310085993991, 39.783434081914606 ], [ -0.276507875744714, 39.783129632388253 ], [ -0.277227341917442, 39.782966763754736 ], [ -0.277952256092947, 39.782821989107113 ], [ -0.2786644231186, 39.782726411269827 ], [ -0.27941333194798, 39.782555255700409 ], [ -0.280329907269838, 39.782226118819906 ], [ -0.281297644163761, 39.781974613797445 ], [ -0.282506928799834, 39.781679389264845 ], [ -0.283834614627529, 39.781332942963438 ], [ -0.284848467719491, 39.781122981224236 ], [ -0.285731359722393, 39.780999919425305 ], [ -0.28679204492199, 39.780795558793208 ], [ -0.287587961246239, 39.780620910338875 ], [ -0.288451907763617, 39.780564833281154 ], [ -0.289581174501413, 39.780447504059715 ], [ -0.29056715184383, 39.780140441652762 ], [ -0.291273542701822, 39.780564033453317 ], [ -0.292969055614877, 39.7815807113424 ], [ -0.292969169617504, 39.781580781565772 ], [ -0.292974964656358, 39.781584254412095 ], [ -0.293486449602379, 39.781938520696784 ], [ -0.297480833259743, 39.785184571992531 ], [ -0.297580341660887, 39.785294355464316 ], [ -0.305875339031244, 39.794379647564789 ], [ -0.305968479803077, 39.794480456895542 ], [ -0.306529270533298, 39.795022076799874 ], [ -0.307334808953179, 39.795800067525242 ], [ -0.308225339266607, 39.796660108620237 ], [ -0.308568256531221, 39.796991092534014 ], [ -0.308567864300221, 39.796991268100605 ], [ -0.307599912215053, 39.797860412775009 ], [ -0.307052639957302, 39.798118002372583 ], [ -0.306536112915408, 39.798187069700106 ], [ -0.305014939989749, 39.799160637794962 ], [ -0.304411866026134, 39.799651068607091 ], [ -0.30407893291319, 39.800102782395548 ], [ -0.303856283249605, 39.80071913125812 ], [ -0.303727012624718, 39.80133770947981 ], [ -0.303491940097392, 39.801674543959599 ], [ -0.303275251118739, 39.801840674932393 ], [ -0.30327448736188, 39.801840643657727 ], [ -0.302295465255769, 39.801808875315089 ], [ -0.302045553472686, 39.801929153533628 ], [ -0.302045499908613, 39.801929179312225 ], [ -0.301303182758282, 39.802992901897269 ], [ -0.300912870425712, 39.803416186244071 ], [ -0.300467758655378, 39.803748161016713 ], [ -0.298313791421039, 39.804769985710294 ], [ -0.297817709863128, 39.804911552481315 ], [ -0.29781699292885, 39.804911517757326 ], [ -0.297802130022912, 39.804910788539537 ], [ -0.297118316474349, 39.804877243270418 ], [ -0.297118223828311, 39.804877223094294 ], [ -0.296297952654297, 39.804650918241251 ], [ -0.295623648724379, 39.804572116623113 ], [ -0.29562323907946, 39.80457213859799 ], [ -0.294511628998773, 39.804636272972594 ], [ -0.292381941694982, 39.805036960875285 ], [ -0.291739103864079, 39.805346237032239 ], [ -0.291602293873602, 39.805559225663515 ], [ -0.291688216438434, 39.805750410807782 ], [ -0.291900046627383, 39.806007591760654 ], [ -0.292006823624726, 39.806262321633064 ], [ -0.291871423348039, 39.806439346416667 ], [ -0.291476441590606, 39.806682353204842 ], [ -0.291087467853171, 39.806772314242458 ], [ -0.291086997725549, 39.806772240201269 ], [ -0.290553552389949, 39.806687774223796 ], [ -0.290552985551654, 39.806687783499157 ], [ -0.289805687237677, 39.806697357299591 ], [ -0.288721900771752, 39.806933229519558 ], [ -0.287607365246891, 39.807060282043352 ], [ -0.287415315143795, 39.807190907919384 ], [ -0.287444656104668, 39.807930289090805 ], [ -0.287389493255995, 39.808442486716771 ], [ -0.287270201178575, 39.808679940828128 ], [ -0.287237419968161, 39.808745199945577 ], [ -0.286194225688229, 39.809729696799735 ], [ -0.285741904770133, 39.809944312182594 ], [ -0.285109666199601, 39.809983559922706 ], [ -0.284285722140361, 39.810144447019802 ], [ -0.28367996175248, 39.810400478190701 ], [ -0.283400235696141, 39.8106821870986 ], [ -0.283361620789187, 39.811068613893163 ], [ -0.283859106154117, 39.812080201224944 ], [ -0.283846347067681, 39.812404199462179 ], [ -0.283639071468019, 39.812624566228344 ], [ -0.282555877828083, 39.812842367711845 ], [ -0.281571668462503, 39.813512933654309 ], [ -0.281209080383925, 39.814414253331897 ], [ -0.280351360647497, 39.815430111100092 ], [ -0.279366382803092, 39.816118642396994 ], [ -0.278826918486533, 39.817060874229263 ], [ -0.278379095311975, 39.817455716735005 ], [ -0.27776016306268, 39.817747453948961 ], [ -0.277291534796257, 39.818078745949101 ], [ -0.277034724907689, 39.818369998480165 ], [ -0.276659674335958, 39.819289016309213 ], [ -0.276383385552687, 39.819480701136676 ], [ -0.276007810073827, 39.819525928995027 ], [ -0.276007046144023, 39.819525897534533 ], [ -0.275436297236911, 39.819503492840695 ], [ -0.275046163350582, 39.819620441316687 ], [ -0.27473065782167, 39.819919312713452 ], [ -0.274533903910349, 39.820464165517336 ], [ -0.274209450183928, 39.820988065930528 ], [ -0.273915441449519, 39.821332436445992 ], [ -0.273421659110191, 39.821708188887939 ], [ -0.272631038303218, 39.82220303852452 ], [ -0.272298548568504, 39.822339337338526 ], [ -0.271582714059649, 39.822421596798421 ], [ -0.269759941737549, 39.822515140712362 ], [ -0.269759489751685, 39.822515048994575 ], [ -0.266845985269755, 39.82192100712394 ], [ -0.266461091056294, 39.821093979514686 ], [ -0.265584705038269, 39.820537188445492 ], [ -0.265261030507653, 39.820555413220539 ], [ -0.265074194678058, 39.820551004279778 ], [ -0.264852275163942, 39.820488083260329 ], [ -0.26462692957291, 39.820511607619778 ], [ -0.264295839692971, 39.820686460775441 ], [ -0.264132772430521, 39.820711453656607 ], [ -0.263973133583577, 39.820650000591797 ], [ -0.263790488822492, 39.820539935624389 ], [ -0.263658049248196, 39.820421439922626 ], [ -0.263577720779979, 39.820246491698164 ], [ -0.263448711189374, 39.820041550995974 ], [ -0.263254758533034, 39.819902374890212 ], [ -0.262987214693013, 39.819732619614364 ], [ -0.262856683563204, 39.819566098422541 ], [ -0.262664257751393, 39.819388501315707 ], [ -0.262445015320527, 39.819258341257708 ], [ -0.262374476662643, 39.819150920148871 ], [ -0.262342066806223, 39.819025172183146 ], [ -0.262196414447124, 39.818925591791754 ], [ -0.261827326815438, 39.818801504749985 ], [ -0.261565000741091, 39.818814536261016 ], [ -0.261448706954734, 39.818917543184384 ], [ -0.26137880113695, 39.81910817142095 ], [ -0.26090001940121, 39.819548717728409 ], [ -0.260784867072749, 39.819622909321652 ], [ -0.260484025625339, 39.819663868168213 ], [ -0.260301008762027, 39.819563402536168 ], [ -0.260188908395489, 39.819560752628085 ], [ -0.259977164175117, 39.819555747772462 ], [ -0.259767327763372, 39.81950271619754 ], [ -0.259261614297143, 39.819365778230647 ], [ -0.258975139161891, 39.81935900314808 ], [ -0.258699208624198, 39.819400547188998 ], [ -0.258387821694218, 39.81939318253513 ], [ -0.258082544636206, 39.819232137344116 ], [ -0.257650041222689, 39.819135378873163 ], [ -0.257166189733454, 39.819075860101727 ], [ -0.256930301426828, 39.819051050482713 ], [ -0.256757835966094, 39.81899889764896 ], [ -0.256724672128892, 39.818892358396653 ], [ -0.256617539476484, 39.818764840894367 ], [ -0.256433767664459, 39.818683578474243 ], [ -0.256176026565571, 39.8185813372354 ], [ -0.255941286143999, 39.818527710305005 ], [ -0.255649238667899, 39.818347742967738 ], [ -0.25562219297553, 39.818087524068211 ], [ -0.25533151787504, 39.818186396065684 ], [ -0.255178613524685, 39.818269301906511 ], [ -0.254930656346224, 39.8182345871626 ], [ -0.254731372171685, 39.818229867761566 ], [ -0.254580761919639, 39.818255143073081 ], [ -0.254563718300551, 39.818370106687809 ], [ -0.254339523669325, 39.818364796736546 ], [ -0.254238351927818, 39.818400855922889 ], [ -0.25395073311585, 39.818422883834764 ], [ -0.253773300245525, 39.818495593278811 ], [ -0.253573251469467, 39.81851008087812 ], [ -0.253199210727824, 39.818510830793642 ], [ -0.252675322908725, 39.818517643290164 ], [ -0.252376780579244, 39.818500952416564 ], [ -0.252070756691158, 39.818359100943766 ], [ -0.252066546706342, 39.81846475566271 ], [ -0.25191631686076, 39.818480422051337 ], [ -0.251802689902429, 39.818516183872504 ], [ -0.251684562564613, 39.818606462837984 ], [ -0.251248916196209, 39.818647263096992 ], [ -0.250975282812299, 39.818631160051126 ], [ -0.250741312946751, 39.81855831197754 ], [ -0.25054202853809, 39.818553585349427 ], [ -0.250389119114839, 39.818636484668318 ], [ -0.250135418237181, 39.818745833917411 ], [ -0.249821354482228, 39.818805680317489 ], [ -0.249483529592922, 39.818836120613163 ], [ -0.248996242150575, 39.818863012706046 ], [ -0.2488584672278, 39.81887897063401 ], [ -0.248765533306865, 39.819020974008055 ], [ -0.248402795649892, 39.819050819954988 ], [ -0.248248349224598, 39.819172135014703 ], [ -0.247812030078588, 39.819171390231034 ], [ -0.247473052375311, 39.819230639702837 ], [ -0.247273384284233, 39.819235510964063 ], [ -0.246746809179073, 39.819309530270807 ], [ -0.246324860547837, 39.819261050704064 ], [ -0.245964806899629, 39.819223653417538 ], [ -0.24597227516595, 39.819348814098369 ], [ -0.24579923278738, 39.819623508006572 ], [ -0.245662403446431, 39.819927905270305 ], [ -0.245435316649383, 39.820307069021027 ], [ -0.245321682422817, 39.820342825130716 ], [ -0.24502044703221, 39.820393349623799 ], [ -0.244633942233686, 39.820393775568455 ], [ -0.244295724138345, 39.820433805702407 ], [ -0.243923598128112, 39.82054537176225 ], [ -0.243539946771126, 39.820815400387445 ], [ -0.24306735909031, 39.821221784944363 ], [ -0.242353108120061, 39.821935458603434 ], [ -0.242248219096334, 39.82214585775089 ], [ -0.241835838826875, 39.821341557543683 ], [ -0.241460019960244, 39.820608666196811 ], [ -0.2402230736124, 39.819035428572306 ] ] ] ] } },
{ "type": "Feature", "properties": { "CUSEC": "1212603004", "CUMUN": "12126", "CSEC": "004", "CDIS": "03", "CMUN": "126", "CPRO": "12", "CCA": "10", "CUDIS": "1212603", "CLAU2": "12126", "NPRO": "Castellón/Castelló", "NCA": "Comunitat Valenciana", "CNUT0": "ES", "CNUT1": "5", "CNUT2": "2", "CNUT3": "2", "NMUN": "Vall d'Uixó, la" }, "geometry": { "type": "MultiPolygon", "coordinates": [ [ [ [ -0.240665228564482, 39.82663169669209 ], [ -0.24077538490963, 39.826610062136453 ], [ -0.240797858808572, 39.826605651521575 ], [ -0.240813508221107, 39.826523153241133 ], [ -0.240842912772747, 39.826363475957699 ], [ -0.240897974672405, 39.826292193975483 ], [ -0.241201415512122, 39.826148413711209 ], [ -0.241780147319066, 39.825982050896819 ], [ -0.241962653548909, 39.825645870961324 ], [ -0.241317878539941, 39.824633185116042 ], [ -0.241294576135249, 39.824602151455117 ], [ -0.241205705028949, 39.824578416187322 ], [ -0.241193737103195, 39.824579847457628 ], [ -0.241100776622579, 39.824555568894112 ], [ -0.240801354126545, 39.824477060589793 ], [ -0.240794661581006, 39.824476901311229 ], [ -0.240792542953002, 39.824477148159019 ], [ -0.240797112857686, 39.82444788574854 ], [ -0.240884972031505, 39.824352072203105 ], [ -0.241031781056177, 39.824191870203599 ], [ -0.240736295409162, 39.824059271224712 ], [ -0.240451221290356, 39.823934378093128 ], [ -0.240411243878501, 39.82391687760321 ], [ -0.239917840670968, 39.823865943059644 ], [ -0.239877805480398, 39.823740014055907 ], [ -0.239863995503149, 39.823605657073244 ], [ -0.23983657580829, 39.823599688553074 ], [ -0.239722649822826, 39.823576792468003 ], [ -0.239744658945169, 39.82343219919688 ], [ -0.239668872997235, 39.823410395773948 ], [ -0.239668090659361, 39.823409656492878 ], [ -0.23966683699796, 39.823408725826454 ], [ -0.239493054194036, 39.823275737798092 ], [ -0.239671370793977, 39.823278674578546 ], [ -0.239674847621044, 39.823173879620619 ], [ -0.23972739406886, 39.823128325078123 ], [ -0.239745629793394, 39.823063693153848 ], [ -0.239852367183589, 39.823037764884369 ], [ -0.239855187658948, 39.822991250730205 ], [ -0.239834285535052, 39.822991009837835 ], [ -0.239831118963643, 39.822962432565994 ], [ -0.239818750883906, 39.82287463714848 ], [ -0.23981711951285, 39.822862716518955 ], [ -0.239814723668882, 39.822779122114568 ], [ -0.239816693894174, 39.822747861088232 ], [ -0.239817634911429, 39.822732646153554 ], [ -0.239832302210527, 39.822570663419107 ], [ -0.239850372608827, 39.822536412130319 ], [ -0.239867198262298, 39.822504654396106 ], [ -0.239890170178712, 39.822479428882829 ], [ -0.239899409819228, 39.8224290994402 ], [ -0.239920334288231, 39.822414306196123 ], [ -0.239920779486454, 39.822409168619103 ], [ -0.239926861251097, 39.822338504594633 ], [ -0.239945707988121, 39.822276545488442 ], [ -0.24000787948395, 39.822276255445679 ], [ -0.240039373985318, 39.822131330283788 ], [ -0.2400849044618, 39.821982297304366 ], [ -0.240220717533771, 39.82200702470444 ], [ -0.240325801899157, 39.822017701913381 ], [ -0.240404664624026, 39.822025795611637 ], [ -0.240799477919519, 39.822129672981831 ], [ -0.240931139275777, 39.822195972601577 ], [ -0.24105316983981, 39.82224706588589 ], [ -0.241240754713249, 39.822326929962422 ], [ -0.241562832984124, 39.822493125771743 ], [ -0.241593801595274, 39.822525134497717 ], [ -0.241638475682871, 39.822572248121148 ], [ -0.242223897934596, 39.82219464228416 ], [ -0.242255187093429, 39.822174460533432 ], [ -0.24226097843201, 39.82217074278563 ], [ -0.242248219096334, 39.82214585775089 ], [ -0.242353108120061, 39.821935458603434 ], [ -0.24306735909031, 39.821221784944363 ], [ -0.243539946771126, 39.820815400387445 ], [ -0.243923598128112, 39.82054537176225 ], [ -0.244295724138345, 39.820433805702407 ], [ -0.244633942233686, 39.820393775568455 ], [ -0.24502044703221, 39.820393349623799 ], [ -0.245321682422817, 39.820342825130716 ], [ -0.245435316649383, 39.820307069021027 ], [ -0.245662403446431, 39.819927905270305 ], [ -0.24579923278738, 39.819623508006572 ], [ -0.24597227516595, 39.819348814098369 ], [ -0.245964806899629, 39.819223653417538 ], [ -0.246324860547837, 39.819261050704064 ], [ -0.246746809179073, 39.819309530270807 ], [ -0.247273384284233, 39.819235510964063 ], [ -0.247473052375311, 39.819230639702837 ], [ -0.247812030078588, 39.819171390231034 ], [ -0.248248349224598, 39.819172135014703 ], [ -0.248402795649892, 39.819050819954988 ], [ -0.248765533306865, 39.819020974008055 ], [ -0.2488584672278, 39.81887897063401 ], [ -0.248996242150575, 39.818863012706046 ], [ -0.249483529592922, 39.818836120613163 ], [ -0.249821354482228, 39.818805680317489 ], [ -0.250135418237181, 39.818745833917411 ], [ -0.250389119114839, 39.818636484668318 ], [ -0.25054202853809, 39.818553585349427 ], [ -0.250741312946751, 39.81855831197754 ], [ -0.250975282812299, 39.818631160051126 ], [ -0.251248916196209, 39.818647263096992 ], [ -0.251684562564613, 39.818606462837984 ], [ -0.251802689902429, 39.818516183872504 ], [ -0.25191631686076, 39.818480422051337 ], [ -0.252066546706342, 39.81846475566271 ], [ -0.252070756691158, 39.818359100943766 ], [ -0.252376780579244, 39.818500952416564 ], [ -0.252675322908725, 39.818517643290164 ], [ -0.253199210727824, 39.818510830793642 ], [ -0.253573251469467, 39.81851008087812 ], [ -0.253773300245525, 39.818495593278811 ], [ -0.25395073311585, 39.818422883834764 ], [ -0.254238351927818, 39.818400855922889 ], [ -0.254339523669325, 39.818364796736546 ], [ -0.254563718300551, 39.818370106687809 ], [ -0.254580761919639, 39.818255143073081 ], [ -0.254731372171685, 39.818229867761566 ], [ -0.254930656346224, 39.8182345871626 ], [ -0.255178613524685, 39.818269301906511 ], [ -0.25533151787504, 39.818186396065684 ], [ -0.25562219297553, 39.818087524068211 ], [ -0.255649238667899, 39.818347742967738 ], [ -0.255941286143999, 39.818527710305005 ], [ -0.256176026565571, 39.8185813372354 ], [ -0.256433767664459, 39.818683578474243 ], [ -0.256617539476484, 39.818764840894367 ], [ -0.256724672128892, 39.818892358396653 ], [ -0.256757835966094, 39.81899889764896 ], [ -0.256930301426828, 39.819051050482713 ], [ -0.257166189733454, 39.819075860101727 ], [ -0.257650041222689, 39.819135378873163 ], [ -0.258082544636206, 39.819232137344116 ], [ -0.258387821694218, 39.81939318253513 ], [ -0.258699208624198, 39.819400547188998 ], [ -0.258975139161891, 39.81935900314808 ], [ -0.259261614297143, 39.819365778230647 ], [ -0.259767327763372, 39.81950271619754 ], [ -0.259977164175117, 39.819555747772462 ], [ -0.260188908395489, 39.819560752628085 ], [ -0.260301008762027, 39.819563402536168 ], [ -0.260484025625339, 39.819663868168213 ], [ -0.260784867072749, 39.819622909321652 ], [ -0.26090001940121, 39.819548717728409 ], [ -0.26137880113695, 39.81910817142095 ], [ -0.261448706954734, 39.818917543184384 ], [ -0.261565000741091, 39.818814536261016 ], [ -0.261827326815438, 39.818801504749985 ], [ -0.262196414447124, 39.818925591791754 ], [ -0.262342066806223, 39.819025172183146 ], [ -0.262374476662643, 39.819150920148871 ], [ -0.262445015320527, 39.819258341257708 ], [ -0.262664257751393, 39.819388501315707 ], [ -0.262856683563204, 39.819566098422541 ], [ -0.262987214693013, 39.819732619614364 ], [ -0.263254758533034, 39.819902374890212 ], [ -0.263448711189374, 39.820041550995974 ], [ -0.263577720779979, 39.820246491698164 ], [ -0.263658049248196, 39.820421439922626 ], [ -0.263790488822492, 39.820539935624389 ], [ -0.263973133583577, 39.820650000591797 ], [ -0.264132772430521, 39.820711453656607 ], [ -0.264295839692971, 39.820686460775441 ], [ -0.26462692957291, 39.820511607619778 ], [ -0.264852275163942, 39.820488083260329 ], [ -0.265074194678058, 39.820551004279778 ], [ -0.265261030507653, 39.820555413220539 ], [ -0.265584705038269, 39.820537188445492 ], [ -0.266461091056294, 39.821093979514686 ], [ -0.266845985269755, 39.82192100712394 ], [ -0.269759489751685, 39.822515048994575 ], [ -0.268573488283209, 39.822575869160403 ], [ -0.266178832019523, 39.822573489290299 ], [ -0.265706969994867, 39.822688473314805 ], [ -0.264637075782402, 39.823744237063231 ], [ -0.264111717568961, 39.824029049774119 ], [ -0.262815247861974, 39.824611012229333 ], [ -0.262238516422962, 39.825011826281965 ], [ -0.261838066238716, 39.825389737515877 ], [ -0.261475592441385, 39.82598470617426 ], [ -0.260964333144894, 39.826504100113354 ], [ -0.260659946089016, 39.826812175767614 ], [ -0.260446170876419, 39.827194493441773 ], [ -0.260321822881233, 39.827677992597657 ], [ -0.26010906412402, 39.828033268433721 ], [ -0.259748226805819, 39.828295029455646 ], [ -0.258556993211047, 39.828870376758132 ], [ -0.258112606537157, 39.829175156402393 ], [ -0.257887853635692, 39.829539143436868 ], [ -0.257785383157976, 39.830059243778678 ], [ -0.257613947823442, 39.830550575442082 ], [ -0.257283335604373, 39.830930122937247 ], [ -0.256875448686334, 39.831199746294367 ], [ -0.255824387030282, 39.831481135055306 ], [ -0.255394861614716, 39.831705226947498 ], [ -0.254608853344955, 39.832371209643888 ], [ -0.254202328737928, 39.832604813826144 ], [ -0.253492840447418, 39.833110460816002 ], [ -0.253197941212291, 39.833472823141818 ], [ -0.254102598817257, 39.835692306608827 ], [ -0.255039402457206, 39.83681349250211 ], [ -0.255414267349258, 39.837669145503298 ], [ -0.255800277337952, 39.838831352871587 ], [ -0.256099208329863, 39.84012661785637 ], [ -0.25622970106528, 39.840958492558535 ], [ -0.256273033066166, 39.841667383730702 ], [ -0.256349926572269, 39.842925151127957 ], [ -0.25581948636996, 39.844507037608764 ], [ -0.254649391429146, 39.846596325434476 ], [ -0.254150830913341, 39.847962792346074 ], [ -0.252109921220994, 39.849165188103768 ], [ -0.252080050422682, 39.848781252793017 ], [ -0.252072774864186, 39.848554587088316 ], [ -0.252080803808178, 39.848353449393436 ], [ -0.252191199312969, 39.848041492106574 ], [ -0.252251163109391, 39.847766088001592 ], [ -0.252495534870924, 39.84736922598735 ], [ -0.252655352505903, 39.847045856947304 ], [ -0.252732123236347, 39.846758268244287 ], [ -0.252795093159153, 39.846407437545246 ], [ -0.252776021831845, 39.846067246026323 ], [ -0.25278103837511, 39.845941534280719 ], [ -0.252660608055339, 39.845687021567286 ], [ -0.252619209748035, 39.84549729581321 ], [ -0.252629243136658, 39.845245873227029 ], [ -0.25264429172621, 39.844868741545611 ], [ -0.252539670119184, 39.844627185074678 ], [ -0.252645540399087, 39.844428367005499 ], [ -0.252852767872174, 39.844143870739472 ], [ -0.252791549937818, 39.844041756338612 ], [ -0.252803086257324, 39.843752621447202 ], [ -0.252847740293847, 39.843451687856607 ], [ -0.252856266829729, 39.843237980016553 ], [ -0.252618179002749, 39.843068758133612 ], [ -0.252396901295744, 39.842887351585127 ], [ -0.252063984517473, 39.8426403834087 ], [ -0.251732073262549, 39.842368271093953 ], [ -0.251650538634929, 39.842366338075536 ], [ -0.251647277553208, 39.842039103707322 ], [ -0.251353504033077, 39.841629482109283 ], [ -0.251363540627662, 39.841378060522359 ], [ -0.251151051871846, 39.841385604702694 ], [ -0.251176893435841, 39.841147140522288 ], [ -0.250946590974082, 39.841192010684232 ], [ -0.251054468837732, 39.840942909307188 ], [ -0.251015083651656, 39.84070289929803 ], [ -0.250896677049335, 39.840398099546242 ], [ -0.250719313652977, 39.840343560146657 ], [ -0.250441098734153, 39.840362127792204 ], [ -0.25033046748749, 39.840271421809966 ], [ -0.250368099954673, 39.840146484639462 ], [ -0.25071531014972, 39.839626235193428 ], [ -0.250738642643806, 39.839450627361664 ], [ -0.25054698191454, 39.839345417265129 ], [ -0.249928609351387, 39.838890342454206 ], [ -0.24951569713798, 39.838603718818163 ], [ -0.249425392587943, 39.838412831509302 ], [ -0.248919671718986, 39.837998172988563 ], [ -0.248702169748129, 39.838131422697572 ], [ -0.248489187808624, 39.838151533006851 ], [ -0.248181383871656, 39.838093893703793 ], [ -0.248107389955427, 39.837903392573025 ], [ -0.248015081682297, 39.837762787101781 ], [ -0.247775288461644, 39.837228608240444 ], [ -0.247531481122535, 39.836794996324784 ], [ -0.247313253627384, 39.836538153359591 ], [ -0.247078720671479, 39.83628092278812 ], [ -0.246678621771509, 39.836082674517762 ], [ -0.246405451203459, 39.83597552086276 ], [ -0.245597222682383, 39.835780154825308 ], [ -0.245273126397436, 39.835722119901035 ], [ -0.24529295149721, 39.835634509977346 ], [ -0.245480355340445, 39.835437635688514 ], [ -0.245607061914379, 39.835126071802016 ], [ -0.245485168759966, 39.83490926392227 ], [ -0.245331166788857, 39.834679109439946 ], [ -0.245015123791304, 39.834419937918028 ], [ -0.24469958590338, 39.83414819313473 ], [ -0.244398846392693, 39.833914548914215 ], [ -0.244150041237057, 39.833606641006597 ], [ -0.244026645645559, 39.833427544659692 ], [ -0.244033947255348, 39.833153048202036 ], [ -0.243976014279103, 39.833061433378695 ], [ -0.243693096605744, 39.832790461390928 ], [ -0.24359657312386, 39.832347760404112 ], [ -0.243295842660416, 39.832114114497813 ], [ -0.243035977999232, 39.832082767858715 ], [ -0.242709387649901, 39.83208758150402 ], [ -0.24253104406922, 39.832058172604384 ], [ -0.242556901591972, 39.831819717013424 ], [ -0.242320382579695, 39.831612765622964 ], [ -0.242248918095956, 39.831359409706614 ], [ -0.242415266660647, 39.830872640959498 ], [ -0.24237993141352, 39.830532066147725 ], [ -0.242224935688041, 39.830327054612717 ], [ -0.242140688508246, 39.829985316193856 ], [ -0.241957111981463, 39.829678962547909 ], [ -0.241473528822082, 39.829529042805099 ], [ -0.240902690416831, 39.829112807699232 ], [ -0.240709861461257, 39.82863007345513 ], [ -0.240934383089757, 39.828320849733707 ], [ -0.240944443417397, 39.828069434051116 ], [ -0.240670806751898, 39.827974840497212 ], [ -0.240298344756619, 39.827903060024539 ], [ -0.240136820343192, 39.827861465289097 ], [ -0.240143360852643, 39.827698046037646 ], [ -0.240204850616979, 39.827384941619442 ], [ -0.240491564691079, 39.827152695783845 ], [ -0.240634568894143, 39.82684153220422 ], [ -0.240665228564482, 39.82663169669209 ] ] ] ] } },
{ "type": "Feature", "properties": { "CUSEC": "1212603005", "CUMUN": "12126", "CSEC": "005", "CDIS": "03", "CMUN": "126", "CPRO": "12", "CCA": "10", "CUDIS": "1212603", "CLAU2": "12126", "NPRO": "Castellón/Castelló", "NCA": "Comunitat Valenciana", "CNUT0": "ES", "CNUT1": "5", "CNUT2": "2", "CNUT3": "2", "NMUN": "Vall d'Uixó, la" }, "geometry": { "type": "MultiPolygon", "coordinates": [ [ [ [ -0.2400849044618, 39.821982297304366 ], [ -0.239884059146694, 39.821963844251954 ], [ -0.23966803135696, 39.821981484587091 ], [ -0.239623624344158, 39.821987434765816 ], [ -0.239266560023134, 39.822035549226804 ], [ -0.239101756619594, 39.822064570386708 ], [ -0.239042940733811, 39.822074275934234 ], [ -0.238837525955166, 39.822101684595154 ], [ -0.238739250783369, 39.822114675055666 ], [ -0.238232987622545, 39.822174783592331 ], [ -0.23821785460616, 39.822176377879437 ], [ -0.238049985722545, 39.822197041487925 ], [ -0.238005654487534, 39.822198731979135 ], [ -0.237913478967843, 39.822209930289517 ], [ -0.237656352277527, 39.822241712439926 ], [ -0.237626519163827, 39.8222458741499 ], [ -0.237547460236221, 39.822256992832855 ], [ -0.237120641560835, 39.822296316705945 ], [ -0.23707918832447, 39.822296765637311 ], [ -0.236953048628226, 39.82229813117673 ], [ -0.236924662558044, 39.822298396022738 ], [ -0.236913466256965, 39.822296060908386 ], [ -0.236755063376836, 39.822263119866854 ], [ -0.236700829243039, 39.822246936721044 ], [ -0.236638155598963, 39.822219246231441 ], [ -0.236734088026664, 39.821874362983841 ], [ -0.23559264668979, 39.821708349625354 ], [ -0.235505317155065, 39.821697761790915 ], [ -0.235510533927114, 39.821672519158788 ], [ -0.23551525137727, 39.821641986729638 ], [ -0.23568711016047, 39.820945295180792 ], [ -0.235719159995201, 39.82095022562342 ], [ -0.236112076622239, 39.821010427218312 ], [ -0.236116404750338, 39.820959701753942 ], [ -0.236210013923275, 39.820601098100646 ], [ -0.236008983283016, 39.820568165918687 ], [ -0.236228962822692, 39.81985715893881 ], [ -0.236543196538451, 39.819812590100305 ], [ -0.236962398660147, 39.819758718621934 ], [ -0.237059894195123, 39.81974484626987 ], [ -0.237340248721559, 39.81970498088269 ], [ -0.237746992204389, 39.819632414067584 ], [ -0.238162751687458, 39.819530582210994 ], [ -0.238347343802678, 39.819388368433344 ], [ -0.239444292380863, 39.819049034800315 ], [ -0.2402230736124, 39.819035428572306 ], [ -0.241460019960244, 39.820608666196811 ], [ -0.241835838826875, 39.821341557543683 ], [ -0.242248219096334, 39.82214585775089 ], [ -0.24226097843201, 39.82217074278563 ], [ -0.242255187093429, 39.822174460533432 ], [ -0.242223897934596, 39.82219464228416 ], [ -0.241638475682871, 39.822572248121148 ], [ -0.241593801595274, 39.822525134497717 ], [ -0.241562832984124, 39.822493125771743 ], [ -0.241240754713249, 39.822326929962422 ], [ -0.24105316983981, 39.82224706588589 ], [ -0.240931139275777, 39.822195972601577 ], [ -0.240799477919519, 39.822129672981831 ], [ -0.240404664624026, 39.822025795611637 ], [ -0.240325801899157, 39.822017701913381 ], [ -0.240220717533771, 39.82200702470444 ], [ -0.2400849044618, 39.821982297304366 ] ] ] ] } },
{ "type": "Feature", "properties": { "CUSEC": "1212601006", "CUMUN": "12126", "CSEC": "006", "CDIS": "01", "CMUN": "126", "CPRO": "12", "CCA": "10", "CUDIS": "1212601", "CLAU2": "12126", "NPRO": "Castellón/Castelló", "NCA": "Comunitat Valenciana", "CNUT0": "ES", "CNUT1": "5", "CNUT2": "2", "CNUT3": "2", "NMUN": "Vall d'Uixó, la" }, "geometry": { "type": "MultiPolygon", "coordinates": [ [ [ [ -0.227842970965542, 39.818542518216262 ], [ -0.227666450960351, 39.819920470238927 ], [ -0.22983593882354, 39.820130941123047 ], [ -0.22983554735117, 39.820158446324861 ], [ -0.229832071055981, 39.820428342627217 ], [ -0.229814309775001, 39.820620413827456 ], [ -0.229782452269484, 39.820808453954207 ], [ -0.229760810956358, 39.820980177555874 ], [ -0.22975139916277, 39.821046532046289 ], [ -0.229741904317111, 39.821113789871653 ], [ -0.229741218117508, 39.821118975692954 ], [ -0.229684096667383, 39.821521360519938 ], [ -0.229679140873555, 39.821580317669827 ], [ -0.229643879243516, 39.821998295449454 ], [ -0.229638964095104, 39.822056384276209 ], [ -0.229604842069429, 39.822181556242256 ], [ -0.229566721612238, 39.822577770373542 ], [ -0.226214742499711, 39.822315939561079 ], [ -0.226440919046611, 39.820010319557042 ], [ -0.226604429629028, 39.818443577884729 ], [ -0.226605023022467, 39.81843788720662 ], [ -0.226747205257755, 39.81844857228068 ], [ -0.226869949032113, 39.818459142654731 ], [ -0.227842970965542, 39.818542518216262 ] ] ] ] } },
{ "type": "Feature", "properties": { "CUSEC": "1212602010", "CUMUN": "12126", "CSEC": "010", "CDIS": "02", "CMUN": "126", "CPRO": "12", "CCA": "10", "CUDIS": "1212602", "CLAU2": "12126", "NPRO": "Castellón/Castelló", "NCA": "Comunitat Valenciana", "CNUT0": "ES", "CNUT1": "5", "CNUT2": "2", "CNUT3": "2", "NMUN": "Vall d'Uixó, la" }, "geometry": { "type": "MultiPolygon", "coordinates": [ [ [ [ -0.227842970965542, 39.818542518216262 ], [ -0.229703219072729, 39.818701894450427 ], [ -0.230563051502938, 39.818765551341336 ], [ -0.23143358077354, 39.817522415260299 ], [ -0.231505908983881, 39.817395975857693 ], [ -0.231723260731595, 39.817061790773835 ], [ -0.231945693554776, 39.816868444191257 ], [ -0.232092168519245, 39.81696299580576 ], [ -0.232212883951337, 39.817164539478384 ], [ -0.232420714649694, 39.817335053007604 ], [ -0.232603782611848, 39.817587750347556 ], [ -0.232806031251203, 39.817774980655763 ], [ -0.232746726355264, 39.817928113073606 ], [ -0.232740922315256, 39.817967970848407 ], [ -0.232740010504871, 39.81802634008784 ], [ -0.232740334030314, 39.818029077287363 ], [ -0.232753626515527, 39.818140141077791 ], [ -0.232778524849106, 39.818359093548857 ], [ -0.232793357359187, 39.81847838702457 ], [ -0.232805974983712, 39.81851327957429 ], [ -0.232817553413617, 39.81853841038189 ], [ -0.23290823707073, 39.818631103304106 ], [ -0.232899458983542, 39.818849896075996 ], [ -0.232928045959346, 39.819042447996807 ], [ -0.232935126167235, 39.81907953248168 ], [ -0.23299948844116, 39.819419231881447 ], [ -0.233036791705908, 39.819662982565738 ], [ -0.233043021875821, 39.819705676865006 ], [ -0.23308802695682, 39.820066241077932 ], [ -0.233130359675144, 39.820504341503224 ], [ -0.233131932503176, 39.820549708172422 ], [ -0.233134503539499, 39.820608508231878 ], [ -0.233133893724425, 39.820617735164646 ], [ -0.233122910684154, 39.820705419858498 ], [ -0.233116714565649, 39.820754898018407 ], [ -0.233093023651126, 39.820887550008656 ], [ -0.233049944548741, 39.821112094676906 ], [ -0.232988522614201, 39.821413392579679 ], [ -0.232976178055047, 39.821474159860038 ], [ -0.232919025263974, 39.821779969094877 ], [ -0.232844196267587, 39.822178095525409 ], [ -0.232398602805547, 39.822152396782961 ], [ -0.23216716984538, 39.822135230613789 ], [ -0.231977871936856, 39.822124696478724 ], [ -0.231525524437954, 39.822099201560569 ], [ -0.23139160945965, 39.822091575291019 ], [ -0.231567500478202, 39.820415874938554 ], [ -0.22983554735117, 39.820158446324861 ], [ -0.22983593882354, 39.820130941123047 ], [ -0.227666450960351, 39.819920470238927 ], [ -0.227842970965542, 39.818542518216262 ] ] ] ] } }
]
}
